lattice,Lx,Ly,p,bc_x,bc_y,bc_MPS,betas,max_chi,log_z_approx,log_z_exact,num_run,chi_limit,seed,dt
Square,3,3,0.5,periodic,open,finite,"[0.0, 0.0125, 0.025, 0.037500000000000006, 0.05, 0.0625, 0.075, 0.0875, 0.09999999999999999, 0.11249999999999999, 0.12499999999999999, 0.13749999999999998, 0.15, 0.1625, 0.17500000000000002, 0.18750000000000003, 0.20000000000000004, 0.21250000000000005, 0.22500000000000006, 0.23750000000000007, 0.25000000000000006, 0.26250000000000007, 0.2750000000000001, 0.2875000000000001, 0.3000000000000001, 0.3125000000000001, 0.3250000000000001, 0.33750000000000013, 0.35000000000000014, 0.36250000000000016, 0.37500000000000017, 0.3875000000000002, 0.4000000000000002, 0.4125000000000002, 0.4250000000000002, 0.4375000000000002, 0.45000000000000023, 0.46250000000000024, 0.47500000000000026, 0.48750000000000027, 0.5000000000000002]","[4, 4, 4, 4, 4, 4, 4, 4, 4, 4, 4, 4, 4, 4, 4, 4, 4, 4, 4, 4, 4, 4, 4, 4, 4, 4, 4, 4, 4, 4, 4, 4, 4, 4, 4, 4, 4, 4, 4, 4]","[6.238324625039508, 6.23947190441976, 6.242939255085788, 6.2487607831715115, 6.256967669128022, 6.267587915833127, 6.280646126420726, 6.296163316434476, 6.314156764555501, 6.334639905352354, 6.35762226652113, 6.383109451983063, 6.4111031710365625, 6.441601312571017, 6.474598062192595, 6.510084059036369, 6.5480465880893775, 6.588469803061856, 6.6313349742465135, 6.676620755414491, 6.724303463617122, 6.774357365789269, 6.8267549662678535, 6.881467289725632, 6.93846415454647, 6.997714432302273, 7.0591862897000635, 7.1228474101166785, 7.188665192598494, 7.256606926946012, 7.326639944206058, 7.398731742538427, 7.472850088996513, 7.548963098253437, 7.627039289711961, 7.707047624757323, 7.7889575261491135, 7.872738881706133, 7.958362034523197, 8.045797761979108, 8.13501724575829]",8.438452829256857,0,4,0,0.00625
Square,3,3,0.5,periodic,open,finite,"[0.0, 0.0125, 0.025, 0.037500000000000006, 0.05, 0.0625, 0.075, 0.0875, 0.09999999999999999, 0.11249999999999999, 0.12499999999999999, 0.13749999999999998, 0.15, 0.1625, 0.17500000000000002, 0.18750000000000003, 0.20000000000000004, 0.21250000000000005, 0.22500000000000006, 0.23750000000000007, 0.25000000000000006, 0.26250000000000007, 0.2750000000000001, 0.2875000000000001, 0.3000000000000001, 0.3125000000000001, 0.3250000000000001, 0.33750000000000013, 0.35000000000000014, 0.36250000000000016, 0.37500000000000017, 0.3875000000000002, 0.4000000000000002, 0.4125000000000002, 0.4250000000000002, 0.4375000000000002, 0.45000000000000023, 0.46250000000000024, 0.47500000000000026, 0.48750000000000027, 0.5000000000000002]","[14, 16, 16, 16, 16, 16, 16, 16, 16, 16, 16, 16, 16, 16, 16, 16, 16, 16, 16, 16, 16, 16, 16, 16, 16, 16, 16, 16, 16, 16, 16, 16, 16, 16, 16, 16, 16, 16, 16, 16]","[6.238324625039508, 6.239501417086544, 6.243056623902002, 6.2490260407794365, 6.257445947200609, 6.268353112705022, 6.281784784695898, 6.297778654364252, 6.316372796847204, 6.337605581790537, 6.361515550683238, 6.388141257695608, 6.417521071303124, 6.44969293472964, 6.484694084203856, 6.522560725189071, 6.5633276681036286, 6.6070279265684535, 6.653692282853645, 6.703348826887157, 6.756022476858851, 6.811734491014534, 6.870501981590549, 6.9323374428926146, 6.997248306180772, 7.065236534207356, 7.1362982679112825, 7.210423536872828, 7.2875960436864835, 7.367793030460442, 7.450985233280701, 7.537136927798229, 7.626206066245767, 7.718144503315901, 7.812898305586442, 7.910408136703266, 8.01060970844497, 8.113434286188431, 8.21880923622435, 8.32665860185605, 8.436903695235316]",8.438452829256857,0,16,0,0.00625
Square,3,3,0.5,periodic,open,finite,"[0.0, 0.0125, 0.025, 0.037500000000000006, 0.05, 0.0625, 0.075, 0.0875, 0.09999999999999999, 0.11249999999999999, 0.12499999999999999, 0.13749999999999998, 0.15, 0.1625, 0.17500000000000002, 0.18750000000000003, 0.20000000000000004, 0.21250000000000005, 0.22500000000000006, 0.23750000000000007, 0.25000000000000006, 0.26250000000000007, 0.2750000000000001, 0.2875000000000001, 0.3000000000000001, 0.3125000000000001, 0.3250000000000001, 0.33750000000000013, 0.35000000000000014, 0.36250000000000016, 0.37500000000000017, 0.3875000000000002, 0.4000000000000002, 0.4125000000000002, 0.4250000000000002, 0.4375000000000002, 0.45000000000000023, 0.46250000000000024, 0.47500000000000026, 0.48750000000000027, 0.5000000000000002]","[14, 16, 16, 16, 16, 16, 16, 16, 16, 16, 16, 16, 16, 16, 16, 16, 16, 16, 16, 16, 16, 16, 16, 16, 16, 16, 16, 16, 16, 16, 16, 16, 16, 16, 16, 16, 16, 16, 16, 16]","[6.238324625039508, 6.239501417086544, 6.243056623902002, 6.2490260407794365, 6.257445947200609, 6.268353112705022, 6.281784784695898, 6.297778654364252, 6.316372796847204, 6.337605581790537, 6.361515550683238, 6.388141257695608, 6.417521071303124, 6.44969293472964, 6.484694084203856, 6.522560725189071, 6.5633276681036286, 6.6070279265684535, 6.653692282853645, 6.703348826887157, 6.756022476858851, 6.811734491014534, 6.870501981590549, 6.9323374428926146, 6.997248306180772, 7.065236534207356, 7.1362982679112825, 7.210423536872828, 7.2875960436864835, 7.367793030460442, 7.450985233280701, 7.537136927798229, 7.626206066245767, 7.718144503315901, 7.812898305586442, 7.910408136703266, 8.01060970844497, 8.113434286188431, 8.21880923622435, 8.32665860185605, 8.436903695235316]",8.438452829256857,0,64,0,0.00625
Square,3,3,0.5,periodic,open,finite,"[0.0, 0.0125, 0.025, 0.037500000000000006, 0.05, 0.0625, 0.075, 0.0875, 0.09999999999999999, 0.11249999999999999, 0.12499999999999999, 0.13749999999999998, 0.15, 0.1625, 0.17500000000000002, 0.18750000000000003, 0.20000000000000004, 0.21250000000000005, 0.22500000000000006, 0.23750000000000007, 0.25000000000000006, 0.26250000000000007, 0.2750000000000001, 0.2875000000000001, 0.3000000000000001, 0.3125000000000001, 0.3250000000000001, 0.33750000000000013, 0.35000000000000014, 0.36250000000000016, 0.37500000000000017, 0.3875000000000002, 0.4000000000000002, 0.4125000000000002, 0.4250000000000002, 0.4375000000000002, 0.45000000000000023, 0.46250000000000024, 0.47500000000000026, 0.48750000000000027, 0.5000000000000002]","[14, 16, 16, 16, 16, 16, 16, 16, 16, 16, 16, 16, 16, 16, 16, 16, 16, 16, 16, 16, 16, 16, 16, 16, 16, 16, 16, 16, 16, 16, 16, 16, 16, 16, 16, 16, 16, 16, 16, 16]","[6.238324625039508, 6.239501417086544, 6.243056623902002, 6.2490260407794365, 6.257445947200609, 6.268353112705022, 6.281784784695898, 6.297778654364252, 6.316372796847204, 6.337605581790537, 6.361515550683238, 6.388141257695608, 6.417521071303124, 6.44969293472964, 6.484694084203856, 6.522560725189071, 6.5633276681036286, 6.6070279265684535, 6.653692282853645, 6.703348826887157, 6.756022476858851, 6.811734491014534, 6.870501981590549, 6.9323374428926146, 6.997248306180772, 7.065236534207356, 7.1362982679112825, 7.210423536872828, 7.2875960436864835, 7.367793030460442, 7.450985233280701, 7.537136927798229, 7.626206066245767, 7.718144503315901, 7.812898305586442, 7.910408136703266, 8.01060970844497, 8.113434286188431, 8.21880923622435, 8.32665860185605, 8.436903695235316]",8.438452829256857,0,200,0,0.00625
Square,3,3,0.5,periodic,open,finite,"[0.0, 0.0125, 0.025, 0.037500000000000006, 0.05, 0.0625, 0.075, 0.0875, 0.09999999999999999, 0.11249999999999999, 0.12499999999999999, 0.13749999999999998, 0.15, 0.1625, 0.17500000000000002, 0.18750000000000003, 0.20000000000000004, 0.21250000000000005, 0.22500000000000006, 0.23750000000000007, 0.25000000000000006, 0.26250000000000007, 0.2750000000000001, 0.2875000000000001, 0.3000000000000001, 0.3125000000000001, 0.3250000000000001, 0.33750000000000013, 0.35000000000000014, 0.36250000000000016, 0.37500000000000017, 0.3875000000000002, 0.4000000000000002, 0.4125000000000002, 0.4250000000000002, 0.4375000000000002, 0.45000000000000023, 0.46250000000000024, 0.47500000000000026, 0.48750000000000027, 0.5000000000000002]","[4, 4, 4, 4, 4, 4, 4, 4, 4, 4, 4, 4, 4, 4, 4, 4, 4, 4, 4, 4, 4, 4, 4, 4, 4, 4, 4, 4, 4, 4, 4, 4, 4, 4, 4, 4, 4, 4, 4, 4]","[6.238324625039508, 6.239460665303389, 6.2428397834030145, 6.248419564209575, 6.256155705872978, 6.266002335508961, 6.277912322038019, 6.291837580343963, 6.30772936255787, 6.325538533073462, 6.345215824628382, 6.366712073481573, 6.389978432372978, 6.4149665605551744, 6.4416287907269, 6.469918273167391, 6.499789097765669, 6.531196394958851, 6.564096416841827, 6.598446599891347, 6.6342056108674, 6.671333377520556, 6.709791105753953, 6.749541284869894, 6.790547682481578, 6.832775330597144, 6.876190504291774, 6.920760694280419, 6.966454574592777, 7.013241966437856, 7.061093799230734, 7.109982069641941, 7.159879799421571, 7.210760992647846, 7.2626005929537225, 7.315374441196487, 7.369059233953606, 7.423632483154436, 7.479072477090288, 7.535358242985856, 7.592469511261704]",7.75879632627736,1,4,1,0.00625
Square,3,3,0.5,periodic,open,finite,"[0.0, 0.0125, 0.025, 0.037500000000000006, 0.05, 0.0625, 0.075, 0.0875, 0.09999999999999999, 0.11249999999999999, 0.12499999999999999, 0.13749999999999998, 0.15, 0.1625, 0.17500000000000002, 0.18750000000000003, 0.20000000000000004, 0.21250000000000005, 0.22500000000000006, 0.23750000000000007, 0.25000000000000006, 0.26250000000000007, 0.2750000000000001, 0.2875000000000001, 0.3000000000000001, 0.3125000000000001, 0.3250000000000001, 0.33750000000000013, 0.35000000000000014, 0.36250000000000016, 0.37500000000000017, 0.3875000000000002, 0.4000000000000002, 0.4125000000000002, 0.4250000000000002, 0.4375000000000002, 0.45000000000000023, 0.46250000000000024, 0.47500000000000026, 0.48750000000000027, 0.5000000000000002]","[14, 16, 16, 16, 16, 16, 16, 16, 16, 16, 16, 16, 16, 16, 16, 16, 16, 16, 16, 16, 16, 16, 16, 16, 16, 16, 16, 16, 16, 16, 16, 16, 16, 16, 16, 16, 16, 16, 16, 16]","[6.238324625039508, 6.239491170095714, 6.242965879027204, 6.248714247917692, 6.256702121616133, 6.266895647043974, 6.279261226062597, 6.29376546968283, 6.310375155069138, 6.329057186481094, 6.349778561008261, 6.372506339694676, 6.397207624417832, 6.423849540684121, 6.452399226329264, 6.482823825966064, 6.515090490902555, 6.549166384159192, 6.585018690141819, 6.622614628476353, 6.661921471478404, 6.702906564714717, 6.74553735011087, 6.78978139106891, 6.8356063990777916, 6.882980261326249, 6.931871068860697, 6.982247144868088, 7.034077072703958, 7.087329723328054, 7.1419742818524705, 7.197980272949817, 7.2553175849100455, 7.313956492174323, 7.373867676211646, 7.435022244638792, 7.497391748516173, 7.56094819778121, 7.625664074806763, 7.691512346095136, 7.758466472138004]",7.75879632627736,1,16,1,0.00625
Square,3,3,0.5,periodic,open,finite,"[0.0, 0.0125, 0.025, 0.037500000000000006, 0.05, 0.0625, 0.075, 0.0875, 0.09999999999999999, 0.11249999999999999, 0.12499999999999999, 0.13749999999999998, 0.15, 0.1625, 0.17500000000000002, 0.18750000000000003, 0.20000000000000004, 0.21250000000000005, 0.22500000000000006, 0.23750000000000007, 0.25000000000000006, 0.26250000000000007, 0.2750000000000001, 0.2875000000000001, 0.3000000000000001, 0.3125000000000001, 0.3250000000000001, 0.33750000000000013, 0.35000000000000014, 0.36250000000000016, 0.37500000000000017, 0.3875000000000002, 0.4000000000000002, 0.4125000000000002, 0.4250000000000002, 0.4375000000000002, 0.45000000000000023, 0.46250000000000024, 0.47500000000000026, 0.48750000000000027, 0.5000000000000002]","[14, 16, 16, 16, 16, 16, 16, 16, 16, 16, 16, 16, 16, 16, 16, 16, 16, 16, 16, 16, 16, 16, 16, 16, 16, 16, 16, 16, 16, 16, 16, 16, 16, 16, 16, 16, 16, 16, 16, 16]","[6.238324625039508, 6.239491170095714, 6.242965879027204, 6.248714247917692, 6.256702121616133, 6.266895647043974, 6.279261226062597, 6.29376546968283, 6.310375155069138, 6.329057186481094, 6.349778561008261, 6.372506339694676, 6.397207624417832, 6.423849540684121, 6.452399226329264, 6.482823825966064, 6.515090490902555, 6.549166384159192, 6.585018690141819, 6.622614628476353, 6.661921471478404, 6.702906564714717, 6.74553735011087, 6.78978139106891, 6.8356063990777916, 6.882980261326249, 6.931871068860697, 6.982247144868088, 7.034077072703958, 7.087329723328054, 7.1419742818524705, 7.197980272949817, 7.2553175849100455, 7.313956492174323, 7.373867676211646, 7.435022244638792, 7.497391748516173, 7.56094819778121, 7.625664074806763, 7.691512346095136, 7.758466472138004]",7.75879632627736,1,64,1,0.00625
Square,3,3,0.5,periodic,open,finite,"[0.0, 0.0125, 0.025, 0.037500000000000006, 0.05, 0.0625, 0.075, 0.0875, 0.09999999999999999, 0.11249999999999999, 0.12499999999999999, 0.13749999999999998, 0.15, 0.1625, 0.17500000000000002, 0.18750000000000003, 0.20000000000000004, 0.21250000000000005, 0.22500000000000006, 0.23750000000000007, 0.25000000000000006, 0.26250000000000007, 0.2750000000000001, 0.2875000000000001, 0.3000000000000001, 0.3125000000000001, 0.3250000000000001, 0.33750000000000013, 0.35000000000000014, 0.36250000000000016, 0.37500000000000017, 0.3875000000000002, 0.4000000000000002, 0.4125000000000002, 0.4250000000000002, 0.4375000000000002, 0.45000000000000023, 0.46250000000000024, 0.47500000000000026, 0.48750000000000027, 0.5000000000000002]","[14, 16, 16, 16, 16, 16, 16, 16, 16, 16, 16, 16, 16, 16, 16, 16, 16, 16, 16, 16, 16, 16, 16, 16, 16, 16, 16, 16, 16, 16, 16, 16, 16, 16, 16, 16, 16, 16, 16, 16]","[6.238324625039508, 6.239491170095714, 6.242965879027204, 6.248714247917692, 6.256702121616133, 6.266895647043974, 6.279261226062597, 6.29376546968283, 6.310375155069138, 6.329057186481094, 6.349778561008261, 6.372506339694676, 6.397207624417832, 6.423849540684121, 6.452399226329264, 6.482823825966064, 6.515090490902555, 6.549166384159192, 6.585018690141819, 6.622614628476353, 6.661921471478404, 6.702906564714717, 6.74553735011087, 6.78978139106891, 6.8356063990777916, 6.882980261326249, 6.931871068860697, 6.982247144868088, 7.034077072703958, 7.087329723328054, 7.1419742818524705, 7.197980272949817, 7.2553175849100455, 7.313956492174323, 7.373867676211646, 7.435022244638792, 7.497391748516173, 7.56094819778121, 7.625664074806763, 7.691512346095136, 7.758466472138004]",7.75879632627736,1,200,1,0.00625
Square,3,3,0.5,periodic,open,finite,"[0.0, 0.0125, 0.025, 0.037500000000000006, 0.05, 0.0625, 0.075, 0.0875, 0.09999999999999999, 0.11249999999999999, 0.12499999999999999, 0.13749999999999998, 0.15, 0.1625, 0.17500000000000002, 0.18750000000000003, 0.20000000000000004, 0.21250000000000005, 0.22500000000000006, 0.23750000000000007, 0.25000000000000006, 0.26250000000000007, 0.2750000000000001, 0.2875000000000001, 0.3000000000000001, 0.3125000000000001, 0.3250000000000001, 0.33750000000000013, 0.35000000000000014, 0.36250000000000016, 0.37500000000000017, 0.3875000000000002, 0.4000000000000002, 0.4125000000000002, 0.4250000000000002, 0.4375000000000002, 0.45000000000000023, 0.46250000000000024, 0.47500000000000026, 0.48750000000000027, 0.5000000000000002]","[4, 4, 4, 4, 4, 4, 4, 4, 4, 4, 4, 4, 4, 4, 4, 4, 4, 4, 4, 4, 4, 4, 4, 4, 4, 4, 4, 4, 4, 4, 4, 4, 4, 4, 4, 4, 4, 4, 4, 4]","[6.238324625039508, 6.239468208574277, 6.242906634183743, 6.248649188548404, 6.25670282297756, 6.267072053917727, 6.279758880431198, 6.294762718585473, 6.31208035337287, 6.3317059086852145, 6.353630835668639, 6.377843919557047, 6.404331304849689, 6.433076538468688, 6.464060630311505, 6.497262130406941, 6.532657221694274, 6.570219827277575, 6.609921730863202, 6.651732708969885, 6.6956206734088, 6.741551822465988, 6.789490799181386, 6.8394008551062315, 6.89124401793306, 6.944981261427273, 7.000572676144751, 7.057977639493058, 7.117154983782344, 7.178063161012611, 7.2406604032542, 7.304904877595138, 7.370754834749672, 7.438168750544593, 7.507105459621388, 7.577524280811027, 7.649385133752419, 7.722648646434006, 7.797276253439485, 7.873230284772159, 7.950474045217835]",8.16903409390062,2,4,2,0.00625
Square,3,3,0.5,periodic,open,finite,"[0.0, 0.0125, 0.025, 0.037500000000000006, 0.05, 0.0625, 0.075, 0.0875, 0.09999999999999999, 0.11249999999999999, 0.12499999999999999, 0.13749999999999998, 0.15, 0.1625, 0.17500000000000002, 0.18750000000000003, 0.20000000000000004, 0.21250000000000005, 0.22500000000000006, 0.23750000000000007, 0.25000000000000006, 0.26250000000000007, 0.2750000000000001, 0.2875000000000001, 0.3000000000000001, 0.3125000000000001, 0.3250000000000001, 0.33750000000000013, 0.35000000000000014, 0.36250000000000016, 0.37500000000000017, 0.3875000000000002, 0.4000000000000002, 0.4125000000000002, 0.4250000000000002, 0.4375000000000002, 0.45000000000000023, 0.46250000000000024, 0.47500000000000026, 0.48750000000000027, 0.5000000000000002]","[14, 16, 16, 16, 16, 16, 16, 16, 16, 16, 16, 16, 16, 16, 16, 16, 16, 16, 16, 16, 16, 16, 16, 16, 16, 16, 16, 16, 16, 16, 16, 16, 16, 16, 16, 16, 16, 16, 16, 16]","[6.238324625039508, 6.239498001555451, 6.243026368698829, 6.248922028580074, 6.257197603810421, 6.267865951964673, 6.280940059905133, 6.2964329179803045, 6.314357374437734, 6.334725970761781, 6.357550759059973, 6.38284310306945, 6.410613464826984, 6.440871179529319, 6.473624221587747, 6.508878965333752, 6.546639944239322, 6.5869096128548685, 6.629688115918145, 6.6749730692290745, 6.722759356901773, 6.773038949483995, 6.8258007471696445, 6.881030451922191, 6.938710471783274, 6.998819859976655, 7.061334290654032, 7.126226072293657, 7.193464198886834, 7.263014438164841, 7.334839455264442, 7.40889896943667, 7.485149940700159, 7.563546782751403, 7.644041597987471, 7.72658443018302, 7.8111235301958555, 7.897605630051002, 7.985976220861897, 8.07617983027465, 8.168160295448372]",8.16903409390062,2,16,2,0.00625
Square,3,3,0.5,periodic,open,finite,"[0.0, 0.0125, 0.025, 0.037500000000000006, 0.05, 0.0625, 0.075, 0.0875, 0.09999999999999999, 0.11249999999999999, 0.12499999999999999, 0.13749999999999998, 0.15, 0.1625, 0.17500000000000002, 0.18750000000000003, 0.20000000000000004, 0.21250000000000005, 0.22500000000000006, 0.23750000000000007, 0.25000000000000006, 0.26250000000000007, 0.2750000000000001, 0.2875000000000001, 0.3000000000000001, 0.3125000000000001, 0.3250000000000001, 0.33750000000000013, 0.35000000000000014, 0.36250000000000016, 0.37500000000000017, 0.3875000000000002, 0.4000000000000002, 0.4125000000000002, 0.4250000000000002, 0.4375000000000002, 0.45000000000000023, 0.46250000000000024, 0.47500000000000026, 0.48750000000000027, 0.5000000000000002]","[14, 16, 16, 16, 16, 16, 16, 16, 16, 16, 16, 16, 16, 16, 16, 16, 16, 16, 16, 16, 16, 16, 16, 16, 16, 16, 16, 16, 16, 16, 16, 16, 16, 16, 16, 16, 16, 16, 16, 16]","[6.238324625039508, 6.239498001555451, 6.243026368698829, 6.248922028580074, 6.257197603810421, 6.267865951964673, 6.280940059905133, 6.2964329179803045, 6.314357374437734, 6.334725970761781, 6.357550759059973, 6.38284310306945, 6.410613464826984, 6.440871179529319, 6.473624221587747, 6.508878965333752, 6.546639944239322, 6.5869096128548685, 6.629688115918145, 6.6749730692290745, 6.722759356901773, 6.773038949483995, 6.8258007471696445, 6.881030451922191, 6.938710471783274, 6.998819859976655, 7.061334290654032, 7.126226072293657, 7.193464198886834, 7.263014438164841, 7.334839455264442, 7.40889896943667, 7.485149940700159, 7.563546782751403, 7.644041597987471, 7.72658443018302, 7.8111235301958555, 7.897605630051002, 7.985976220861897, 8.07617983027465, 8.168160295448372]",8.16903409390062,2,64,2,0.00625
Square,3,3,0.5,periodic,open,finite,"[0.0, 0.0125, 0.025, 0.037500000000000006, 0.05, 0.0625, 0.075, 0.0875, 0.09999999999999999, 0.11249999999999999, 0.12499999999999999, 0.13749999999999998, 0.15, 0.1625, 0.17500000000000002, 0.18750000000000003, 0.20000000000000004, 0.21250000000000005, 0.22500000000000006, 0.23750000000000007, 0.25000000000000006, 0.26250000000000007, 0.2750000000000001, 0.2875000000000001, 0.3000000000000001, 0.3125000000000001, 0.3250000000000001, 0.33750000000000013, 0.35000000000000014, 0.36250000000000016, 0.37500000000000017, 0.3875000000000002, 0.4000000000000002, 0.4125000000000002, 0.4250000000000002, 0.4375000000000002, 0.45000000000000023, 0.46250000000000024, 0.47500000000000026, 0.48750000000000027, 0.5000000000000002]","[14, 16, 16, 16, 16, 16, 16, 16, 16, 16, 16, 16, 16, 16, 16, 16, 16, 16, 16, 16, 16, 16, 16, 16, 16, 16, 16, 16, 16, 16, 16, 16, 16, 16, 16, 16, 16, 16, 16, 16]","[6.238324625039508, 6.239498001555451, 6.243026368698829, 6.248922028580074, 6.257197603810421, 6.267865951964673, 6.280940059905133, 6.2964329179803045, 6.314357374437734, 6.334725970761781, 6.357550759059973, 6.38284310306945, 6.410613464826984, 6.440871179529319, 6.473624221587747, 6.508878965333752, 6.546639944239322, 6.5869096128548685, 6.629688115918145, 6.6749730692290745, 6.722759356901773, 6.773038949483995, 6.8258007471696445, 6.881030451922191, 6.938710471783274, 6.998819859976655, 7.061334290654032, 7.126226072293657, 7.193464198886834, 7.263014438164841, 7.334839455264442, 7.40889896943667, 7.485149940700159, 7.563546782751403, 7.644041597987471, 7.72658443018302, 7.8111235301958555, 7.897605630051002, 7.985976220861897, 8.07617983027465, 8.168160295448372]",8.16903409390062,2,200,2,0.00625
Square,4,3,0.5,periodic,open,finite,"[0.0, 0.0125, 0.025, 0.037500000000000006, 0.05, 0.0625, 0.075, 0.0875, 0.09999999999999999, 0.11249999999999999, 0.12499999999999999, 0.13749999999999998, 0.15, 0.1625, 0.17500000000000002, 0.18750000000000003, 0.20000000000000004, 0.21250000000000005, 0.22500000000000006, 0.23750000000000007, 0.25000000000000006, 0.26250000000000007, 0.2750000000000001, 0.2875000000000001, 0.3000000000000001, 0.3125000000000001, 0.3250000000000001, 0.33750000000000013, 0.35000000000000014, 0.36250000000000016, 0.37500000000000017, 0.3875000000000002, 0.4000000000000002, 0.4125000000000002, 0.4250000000000002, 0.4375000000000002, 0.45000000000000023, 0.46250000000000024, 0.47500000000000026, 0.48750000000000027, 0.5000000000000002]","[4, 4, 4, 4, 4, 4, 4, 4, 4, 4, 4, 4, 4, 4, 4, 4, 4, 4, 4, 4, 4, 4, 4, 4, 4, 4, 4, 4, 4, 4, 4, 4, 4, 4, 4, 4, 4, 4, 4, 4]","[8.317766166719343, 8.319034983572273, 8.322843663343118, 8.329193766787823, 8.338080948200464, 8.34949551085851, 8.363422783931, 8.379843451494704, 8.398733886443768, 8.420066495214972, 8.443810073169747, 8.469930168135845, 8.498389448363014, 8.52914807054033, 8.562164043361195, 8.597393582277522, 8.634791451461608, 8.674311289518082, 8.715905916099196, 8.759527617225716, 8.80512840776511, 8.852660270138008, 8.902075368892243, 8.953326241286003, 9.00636596444962, 9.061148300045682, 9.117627817621006, 9.175759998044498, 9.235501318559617, 9.296809321055667, 9.359642665187673, 9.423961167958545, 9.48972583132771, 9.556898859336021, 9.625443666143658, 9.695324876272734, 9.766508318234509, 9.838961012606642, 9.912651155512455, 9.987548098344257, 10.063622324468511]",10.457524045420772,0,4,0,0.00625
Square,4,3,0.5,periodic,open,finite,"[0.0, 0.0125, 0.025, 0.037500000000000006, 0.05, 0.0625, 0.075, 0.0875, 0.09999999999999999, 0.11249999999999999, 0.12499999999999999, 0.13749999999999998, 0.15, 0.1625, 0.17500000000000002, 0.18750000000000003, 0.20000000000000004, 0.21250000000000005, 0.22500000000000006, 0.23750000000000007, 0.25000000000000006, 0.26250000000000007, 0.2750000000000001, 0.2875000000000001, 0.3000000000000001, 0.3125000000000001, 0.3250000000000001, 0.33750000000000013, 0.35000000000000014, 0.36250000000000016, 0.37500000000000017, 0.3875000000000002, 0.4000000000000002, 0.4125000000000002, 0.4250000000000002, 0.4375000000000002, 0.45000000000000023, 0.46250000000000024, 0.47500000000000026, 0.48750000000000027, 0.5000000000000002]","[16, 16, 16, 16, 16, 16, 16, 16, 16, 16, 16, 16, 16, 16, 16, 16, 16, 16, 16, 16, 16, 16, 16, 16, 16, 16, 16, 16, 16, 16, 16, 16, 16, 16, 16, 16, 16, 16, 16, 16]","[8.317766166719343, 8.319269615654306, 8.323874645535854, 8.331592716541396, 8.342410336288518, 8.356308738674143, 8.373264098061188, 8.39324779445538, 8.416226722673095, 8.442163637713348, 8.471017528076137, 8.502744008613663, 8.5372957246401, 8.574622759426225, 8.614673037824188, 8.657392719556102, 8.702726576606537, 8.750618350134411, 8.801011083317348, 8.853847427522396, 8.909069920127003, 8.966621233169471, 9.026444392770355, 9.088482969926067, 9.152681243829806, 9.218984339324583, 9.287338340445881, 9.357690382276617, 9.429988723526563, 9.504182802375048, 9.580223278190317, 9.658062061769119, 9.737652336726132, 9.818948574592474, 9.901906546024327, 9.986483330216618, 10.072637324071797, 10.16032825176917, 10.249517174004232, 10.340166494293303, 10.432239957568045]",10.457524045420772,0,16,0,0.00625
Square,4,3,0.5,periodic,open,finite,"[0.0, 0.0125, 0.025, 0.037500000000000006, 0.05, 0.0625, 0.075, 0.0875, 0.09999999999999999, 0.11249999999999999, 0.12499999999999999, 0.13749999999999998, 0.15, 0.1625, 0.17500000000000002, 0.18750000000000003, 0.20000000000000004, 0.21250000000000005, 0.22500000000000006, 0.23750000000000007, 0.25000000000000006, 0.26250000000000007, 0.2750000000000001, 0.2875000000000001, 0.3000000000000001, 0.3125000000000001, 0.3250000000000001, 0.33750000000000013, 0.35000000000000014, 0.36250000000000016, 0.37500000000000017, 0.3875000000000002, 0.4000000000000002, 0.4125000000000002, 0.4250000000000002, 0.4375000000000002, 0.45000000000000023, 0.46250000000000024, 0.47500000000000026, 0.48750000000000027, 0.5000000000000002]","[25, 44, 57, 57, 62, 63, 63, 63, 63, 64, 64, 64, 64, 64, 64, 64, 64, 64, 64, 64, 64, 64, 64, 64, 64, 64, 64, 64, 64, 64, 64, 64, 64, 64, 64, 64, 64, 64, 64, 64]","[8.317766166719343, 8.319269618707127, 8.323874815253747, 8.331593863905463, 8.342414392029823, 8.356319190326108, 8.373286390559093, 8.393289687050306, 8.416298596626001, 8.442278750999211, 8.471192215075877, 8.502997824428565, 8.537651535168473, 8.57510677964932, 8.615314821828187, 8.65822510665408, 8.703785598518424, 8.75194310454332, 8.802643579266276, 8.855832408070073, 8.911454667473606, 8.969455361119632, 9.029779630950362, 9.092372943638281, 9.157181252831032, 9.22415113817229, 9.293229922377199, 9.36436576787547, 9.437507754694275, 9.51260594134518, 9.589611410513996, 9.668476301338021, 9.749153830002466, 9.831598300304247, 9.915765105725644, 10.001610724439498, 10.089092708537542, 10.178169668639454, 10.268801254906574, 10.36094813535405, 10.454571972231115]",10.457524045420772,0,64,0,0.00625
Square,4,3,0.5,periodic,open,finite,"[0.0, 0.0125, 0.025, 0.037500000000000006, 0.05, 0.0625, 0.075, 0.0875, 0.09999999999999999, 0.11249999999999999, 0.12499999999999999, 0.13749999999999998, 0.15, 0.1625, 0.17500000000000002, 0.18750000000000003, 0.20000000000000004, 0.21250000000000005, 0.22500000000000006, 0.23750000000000007, 0.25000000000000006, 0.26250000000000007, 0.2750000000000001, 0.2875000000000001, 0.3000000000000001, 0.3125000000000001, 0.3250000000000001, 0.33750000000000013, 0.35000000000000014, 0.36250000000000016, 0.37500000000000017, 0.3875000000000002, 0.4000000000000002, 0.4125000000000002, 0.4250000000000002, 0.4375000000000002, 0.45000000000000023, 0.46250000000000024, 0.47500000000000026, 0.48750000000000027, 0.5000000000000002]","[25, 44, 57, 57, 62, 63, 63, 63, 63, 64, 64, 64, 64, 64, 64, 64, 64, 64, 64, 64, 64, 64, 64, 64, 64, 64, 64, 64, 64, 64, 64, 64, 64, 64, 64, 64, 64, 64, 64, 64]","[8.317766166719343, 8.319269618707127, 8.323874815253747, 8.331593863905463, 8.342414392029823, 8.356319190326108, 8.373286390559093, 8.393289687050306, 8.416298596626001, 8.442278750999211, 8.471192215075877, 8.502997824428565, 8.537651535168473, 8.57510677964932, 8.615314821828187, 8.65822510665408, 8.703785598518424, 8.75194310454332, 8.802643579266276, 8.855832408070073, 8.911454667473606, 8.969455361119632, 9.029779630950362, 9.092372943638281, 9.157181252831032, 9.22415113817229, 9.293229922377199, 9.36436576787547, 9.437507754694275, 9.51260594134518, 9.589611410513996, 9.668476301338021, 9.749153830002466, 9.831598300304247, 9.915765105725644, 10.001610724439498, 10.089092708537542, 10.178169668639454, 10.268801254906574, 10.36094813535405, 10.454571972231115]",10.457524045420772,0,200,0,0.00625
Square,4,3,0.5,periodic,open,finite,"[0.0, 0.0125, 0.025, 0.037500000000000006, 0.05, 0.0625, 0.075, 0.0875, 0.09999999999999999, 0.11249999999999999, 0.12499999999999999, 0.13749999999999998, 0.15, 0.1625, 0.17500000000000002, 0.18750000000000003, 0.20000000000000004, 0.21250000000000005, 0.22500000000000006, 0.23750000000000007, 0.25000000000000006, 0.26250000000000007, 0.2750000000000001, 0.2875000000000001, 0.3000000000000001, 0.3125000000000001, 0.3250000000000001, 0.33750000000000013, 0.35000000000000014, 0.36250000000000016, 0.37500000000000017, 0.3875000000000002, 0.4000000000000002, 0.4125000000000002, 0.4250000000000002, 0.4375000000000002, 0.45000000000000023, 0.46250000000000024, 0.47500000000000026, 0.48750000000000027, 0.5000000000000002]","[4, 4, 4, 4, 4, 4, 4, 4, 4, 4, 4, 4, 4, 4, 4, 4, 4, 4, 4, 4, 4, 4, 4, 4, 4, 4, 4, 4, 4, 4, 4, 4, 4, 4, 4, 4, 4, 4, 4, 4]","[8.317766166719343, 8.31903968442042, 8.32291059546797, 8.329416628270954, 8.338569437301388, 8.350374995736908, 8.364835143230689, 8.38194810038812, 8.401708720891312, 8.424108657324588, 8.449136504170221, 8.47677794425067, 8.507015909678037, 8.539830761207256, 8.5752004861408, 8.613100912826276, 8.653505938571216, 8.696387767122774, 8.741717151545078, 8.789463638271377, 8.839595808245377, 8.89208151134773, 8.946888090689473, 9.003982593811612, 9.0633319683294, 9.124903240077144, 9.188663672322875, 9.254580905116068, 9.322623074291963, 9.392758910074257, 9.4649578155876, 9.539189925909525, 9.615426148557798, 9.693638186524453, 9.773798545135561, 9.85588052413948, 9.939858196510482, 10.02570637550438, 10.113400571522716, 10.202916940336642, 10.294232224195811]",10.67679803083137,1,4,1,0.00625
Square,4,3,0.5,periodic,open,finite,"[0.0, 0.0125, 0.025, 0.037500000000000006, 0.05, 0.0625, 0.075, 0.0875, 0.09999999999999999, 0.11249999999999999, 0.12499999999999999, 0.13749999999999998, 0.15, 0.1625, 0.17500000000000002, 0.18750000000000003, 0.20000000000000004, 0.21250000000000005, 0.22500000000000006, 0.23750000000000007, 0.25000000000000006, 0.26250000000000007, 0.2750000000000001, 0.2875000000000001, 0.3000000000000001, 0.3125000000000001, 0.3250000000000001, 0.33750000000000013, 0.35000000000000014, 0.36250000000000016, 0.37500000000000017, 0.3875000000000002, 0.4000000000000002, 0.4125000000000002, 0.4250000000000002, 0.4375000000000002, 0.45000000000000023, 0.46250000000000024, 0.47500000000000026, 0.48750000000000027, 0.5000000000000002]","[16, 16, 16, 16, 16, 16, 16, 16, 16, 16, 16, 16, 16, 16, 16, 16, 16, 16, 16, 16, 16, 16, 16, 16, 16, 16, 16, 16, 16, 16, 16, 16, 16, 16, 16, 16, 16, 16, 16, 16]","[8.317766166719343, 8.319269730139503, 8.323876836804953, 8.33160418934269, 8.342446961409525, 8.356398370789165, 8.373449746611248, 8.393590608502768, 8.416808754331386, 8.443090353519514, 8.4724200432559, 8.504781025260021, 8.540155161049986, 8.578523063931973, 8.619864186177487, 8.66415690009435, 8.71137857193702, 8.761505627846116, 8.814513611260336, 8.870377231508387, 8.929070403566069, 8.990566279256626, 9.054837270483842, 9.121855065420986, 9.191590638939418, 9.264014258952097, 9.339095490765772, 9.416803201961407, 9.497105570694467, 9.579970100485559, 9.665363644280193, 9.753252439318178, 9.843602151500935, 9.936377922859647, 10.031544408555044, 10.129065782713578, 10.228905690289064, 10.33102713112671, 10.435392284072671, 10.541962304759302, 10.650697145024322]",10.67679803083137,1,16,1,0.00625
Square,4,3,0.5,periodic,open,finite,"[0.0, 0.0125, 0.025, 0.037500000000000006, 0.05, 0.0625, 0.075, 0.0875, 0.09999999999999999, 0.11249999999999999, 0.12499999999999999, 0.13749999999999998, 0.15, 0.1625, 0.17500000000000002, 0.18750000000000003, 0.20000000000000004, 0.21250000000000005, 0.22500000000000006, 0.23750000000000007, 0.25000000000000006, 0.26250000000000007, 0.2750000000000001, 0.2875000000000001, 0.3000000000000001, 0.3125000000000001, 0.3250000000000001, 0.33750000000000013, 0.35000000000000014, 0.36250000000000016, 0.37500000000000017, 0.3875000000000002, 0.4000000000000002, 0.4125000000000002, 0.4250000000000002, 0.4375000000000002, 0.45000000000000023, 0.46250000000000024, 0.47500000000000026, 0.48750000000000027, 0.5000000000000002]","[25, 44, 57, 57, 61, 63, 63, 63, 63, 64, 64, 64, 64, 64, 64, 64, 64, 64, 64, 64, 64, 64, 64, 64, 64, 64, 64, 64, 64, 64, 64, 64, 64, 64, 64, 64, 64, 64, 64, 64]","[8.317766166719343, 8.319269733232996, 8.323877005028022, 8.331605325270019, 8.342450976773723, 8.35640871959761, 8.373471824132912, 8.39363211187351, 8.41688000246985, 8.443204565458384, 8.472593574902685, 8.505033565088219, 8.54050988538313, 8.579006752413498, 8.620507297801842, 8.664993609879339, 8.712446767999687, 8.762846868348959, 8.816173040452412, 8.872403453916494, 8.93151531530084, 8.993484855379709, 9.05828730741295, 9.125896877391556, 9.196286707540116, 9.2694288346379, 9.345294144951753, 9.423852327749508, 9.505071829476051, 9.588919810721038, 9.675362108086096, 9.764363202970278, 9.855886199139427, 9.949892810732717, 10.046343362096426, 10.14519680053021, 10.246410722696105, 10.349941415087335, 10.455743908595293, 10.563772046861114, 10.6739785677649]",10.67679803083137,1,64,1,0.00625
Square,4,3,0.5,periodic,open,finite,"[0.0, 0.0125, 0.025, 0.037500000000000006, 0.05, 0.0625, 0.075, 0.0875, 0.09999999999999999, 0.11249999999999999, 0.12499999999999999, 0.13749999999999998, 0.15, 0.1625, 0.17500000000000002, 0.18750000000000003, 0.20000000000000004, 0.21250000000000005, 0.22500000000000006, 0.23750000000000007, 0.25000000000000006, 0.26250000000000007, 0.2750000000000001, 0.2875000000000001, 0.3000000000000001, 0.3125000000000001, 0.3250000000000001, 0.33750000000000013, 0.35000000000000014, 0.36250000000000016, 0.37500000000000017, 0.3875000000000002, 0.4000000000000002, 0.4125000000000002, 0.4250000000000002, 0.4375000000000002, 0.45000000000000023, 0.46250000000000024, 0.47500000000000026, 0.48750000000000027, 0.5000000000000002]","[25, 44, 57, 57, 61, 63, 63, 63, 63, 64, 64, 64, 64, 64, 64, 64, 64, 64, 64, 64, 64, 64, 64, 64, 64, 64, 64, 64, 64, 64, 64, 64, 64, 64, 64, 64, 64, 64, 64, 64]","[8.317766166719343, 8.319269733232996, 8.323877005028022, 8.331605325270019, 8.342450976773723, 8.35640871959761, 8.373471824132912, 8.39363211187351, 8.41688000246985, 8.443204565458384, 8.472593574902685, 8.505033565088219, 8.54050988538313, 8.579006752413498, 8.620507297801842, 8.664993609879339, 8.712446767999687, 8.762846868348959, 8.816173040452412, 8.872403453916494, 8.93151531530084, 8.993484855379709, 9.05828730741295, 9.125896877391556, 9.196286707540116, 9.2694288346379, 9.345294144951753, 9.423852327749508, 9.505071829476051, 9.588919810721038, 9.675362108086096, 9.764363202970278, 9.855886199139427, 9.949892810732717, 10.046343362096426, 10.14519680053021, 10.246410722696105, 10.349941415087335, 10.455743908595293, 10.563772046861114, 10.6739785677649]",10.67679803083137,1,200,1,0.00625
Square,4,3,0.5,periodic,open,finite,"[0.0, 0.0125, 0.025, 0.037500000000000006, 0.05, 0.0625, 0.075, 0.0875, 0.09999999999999999, 0.11249999999999999, 0.12499999999999999, 0.13749999999999998, 0.15, 0.1625, 0.17500000000000002, 0.18750000000000003, 0.20000000000000004, 0.21250000000000005, 0.22500000000000006, 0.23750000000000007, 0.25000000000000006, 0.26250000000000007, 0.2750000000000001, 0.2875000000000001, 0.3000000000000001, 0.3125000000000001, 0.3250000000000001, 0.33750000000000013, 0.35000000000000014, 0.36250000000000016, 0.37500000000000017, 0.3875000000000002, 0.4000000000000002, 0.4125000000000002, 0.4250000000000002, 0.4375000000000002, 0.45000000000000023, 0.46250000000000024, 0.47500000000000026, 0.48750000000000027, 0.5000000000000002]","[4, 4, 4, 4, 4, 4, 4, 4, 4, 4, 4, 4, 4, 4, 4, 4, 4, 4, 4, 4, 4, 4, 4, 4, 4, 4, 4, 4, 4, 4, 4, 4, 4, 4, 4, 4, 4, 4, 4, 4]","[8.317766166719343, 8.319028201504873, 8.322866795592763, 8.32933655484437, 8.338465775607553, 8.350276553876876, 8.36478692908963, 8.382011431214295, 8.401961178826879, 8.42464380818052, 8.450063341440758, 8.478220045035547, 8.509110305229216, 8.542726536308555, 8.57905713011586, 8.618086451400796, 8.6597948804691, 8.704158902378543, 8.751151240228529, 8.800741028788314, 8.85289402374176, 8.907572841153382, 8.964737221349953, 9.024344311237826, 9.086348959110591, 9.15070401621689, 9.217360639723015, 9.286268592188211, 9.357376533240572, 9.43063229976682, 9.505983171582244, 9.583376120200981, 9.66275803896011, 9.744075953345822, 9.827277210912483, 9.912309650666149, 9.99912175219799, 10.08766276519741, 10.177882820250673, 10.269733022041581, 10.363165526221207]",10.783354399117531,2,4,2,0.00625
Square,4,3,0.5,periodic,open,finite,"[0.0, 0.0125, 0.025, 0.037500000000000006, 0.05, 0.0625, 0.075, 0.0875, 0.09999999999999999, 0.11249999999999999, 0.12499999999999999, 0.13749999999999998, 0.15, 0.1625, 0.17500000000000002, 0.18750000000000003, 0.20000000000000004, 0.21250000000000005, 0.22500000000000006, 0.23750000000000007, 0.25000000000000006, 0.26250000000000007, 0.2750000000000001, 0.2875000000000001, 0.3000000000000001, 0.3125000000000001, 0.3250000000000001, 0.33750000000000013, 0.35000000000000014, 0.36250000000000016, 0.37500000000000017, 0.3875000000000002, 0.4000000000000002, 0.4125000000000002, 0.4250000000000002, 0.4375000000000002, 0.45000000000000023, 0.46250000000000024, 0.47500000000000026, 0.48750000000000027, 0.5000000000000002]","[16, 16, 16, 16, 16, 16, 16, 16, 16, 16, 16, 16, 16, 16, 16, 16, 16, 16, 16, 16, 16, 16, 16, 16, 16, 16, 16, 16, 16, 16, 16, 16, 16, 16, 16, 16, 16, 16, 16, 16]","[8.317766166719343, 8.319328351839149, 8.324014606090563, 8.331825165840733, 8.342760485651127, 8.356821278402094, 8.374008524910575, 8.394323449504986, 8.417767459484496, 8.44434204764839, 8.474048658184868, 8.506888517205233, 8.542862430138175, 8.581970549085227, 8.624212114093384, 8.669585173119145, 8.718086286224382, 8.769710220231483, 8.82444964064261, 8.882294808059491, 8.943233286592164, 9.007249671786713, 9.074325345409362, 9.14443826398379, 9.21756278728881, 9.29366955209648, 9.372725395293172, 9.454693329217353, 9.539532570618976, 9.62719862315621, 9.717643411858974, 9.810815466570391, 9.90666015008657, 10.005119925604838, 10.106134657202157, 10.209641936427282, 10.315577427716798, 10.423875225236623, 10.534468213894302, 10.647288427639872, 10.762267398741766]",10.783354399117531,2,16,2,0.00625
Square,4,3,0.5,periodic,open,finite,"[0.0, 0.0125, 0.025, 0.037500000000000006, 0.05, 0.0625, 0.075, 0.0875, 0.09999999999999999, 0.11249999999999999, 0.12499999999999999, 0.13749999999999998, 0.15, 0.1625, 0.17500000000000002, 0.18750000000000003, 0.20000000000000004, 0.21250000000000005, 0.22500000000000006, 0.23750000000000007, 0.25000000000000006, 0.26250000000000007, 0.2750000000000001, 0.2875000000000001, 0.3000000000000001, 0.3125000000000001, 0.3250000000000001, 0.33750000000000013, 0.35000000000000014, 0.36250000000000016, 0.37500000000000017, 0.3875000000000002, 0.4000000000000002, 0.4125000000000002, 0.4250000000000002, 0.4375000000000002, 0.45000000000000023, 0.46250000000000024, 0.47500000000000026, 0.48750000000000027, 0.5000000000000002]","[24, 42, 57, 57, 61, 63, 63, 63, 63, 64, 64, 64, 64, 64, 64, 64, 64, 64, 64, 64, 64, 64, 64, 64, 64, 64, 64, 64, 64, 64, 64, 64, 64, 64, 64, 64, 64, 64, 64, 64]","[8.317766166719343, 8.319328357819847, 8.324014881681554, 8.331826877234557, 8.342766203936671, 8.356835371659999, 8.3740374495689, 8.394375949420311, 8.417854683757646, 8.444477599702907, 8.474248589350754, 8.507171278134459, 8.543248792964173, 8.582483512424462, 8.624876801846598, 8.670428736623245, 8.719137817684787, 8.77100068358067, 8.826011824074874, 8.884163300541628, 8.945444478704742, 9.009841779374554, 9.077338452778703, 9.147914381841433, 9.221545919335414, 9.29820576321429, 9.377862873647892, 9.4604824343501, 9.546025859746258, 9.634450848413138, 9.725711482086233, 9.81975836841417, 9.916538824594127, 10.01599709808819, 10.118074619833127, 10.22271028474233, 10.329840753874741, 10.439400772417896, 10.551323497596858, 10.665540830764739, 10.781983748233683]",10.783354399117531,2,64,2,0.00625
Square,4,3,0.5,periodic,open,finite,"[0.0, 0.0125, 0.025, 0.037500000000000006, 0.05, 0.0625, 0.075, 0.0875, 0.09999999999999999, 0.11249999999999999, 0.12499999999999999, 0.13749999999999998, 0.15, 0.1625, 0.17500000000000002, 0.18750000000000003, 0.20000000000000004, 0.21250000000000005, 0.22500000000000006, 0.23750000000000007, 0.25000000000000006, 0.26250000000000007, 0.2750000000000001, 0.2875000000000001, 0.3000000000000001, 0.3125000000000001, 0.3250000000000001, 0.33750000000000013, 0.35000000000000014, 0.36250000000000016, 0.37500000000000017, 0.3875000000000002, 0.4000000000000002, 0.4125000000000002, 0.4250000000000002, 0.4375000000000002, 0.45000000000000023, 0.46250000000000024, 0.47500000000000026, 0.48750000000000027, 0.5000000000000002]","[24, 42, 57, 57, 61, 63, 63, 63, 63, 64, 64, 64, 64, 64, 64, 64, 64, 64, 64, 64, 64, 64, 64, 64, 64, 64, 64, 64, 64, 64, 64, 64, 64, 64, 64, 64, 64, 64, 64, 64]","[8.317766166719343, 8.319328357819847, 8.324014881681554, 8.331826877234557, 8.342766203936671, 8.356835371659999, 8.3740374495689, 8.394375949420311, 8.417854683757646, 8.444477599702907, 8.474248589350754, 8.507171278134459, 8.543248792964173, 8.582483512424462, 8.624876801846598, 8.670428736623245, 8.719137817684787, 8.77100068358067, 8.826011824074874, 8.884163300541628, 8.945444478704742, 9.009841779374554, 9.077338452778703, 9.147914381841433, 9.221545919335414, 9.29820576321429, 9.377862873647892, 9.4604824343501, 9.546025859746258, 9.634450848413138, 9.725711482086233, 9.81975836841417, 9.916538824594127, 10.01599709808819, 10.118074619833127, 10.22271028474233, 10.329840753874741, 10.439400772417896, 10.551323497596858, 10.665540830764739, 10.781983748233683]",10.783354399117531,2,200,2,0.00625
Square,5,3,0.5,periodic,open,finite,"[0.0, 0.0125, 0.025, 0.037500000000000006, 0.05, 0.0625, 0.075, 0.0875, 0.09999999999999999, 0.11249999999999999, 0.12499999999999999, 0.13749999999999998, 0.15, 0.1625, 0.17500000000000002, 0.18750000000000003, 0.20000000000000004, 0.21250000000000005, 0.22500000000000006, 0.23750000000000007, 0.25000000000000006, 0.26250000000000007, 0.2750000000000001, 0.2875000000000001, 0.3000000000000001, 0.3125000000000001, 0.3250000000000001, 0.33750000000000013, 0.35000000000000014, 0.36250000000000016, 0.37500000000000017, 0.3875000000000002, 0.4000000000000002, 0.4125000000000002, 0.4250000000000002, 0.4375000000000002, 0.45000000000000023, 0.46250000000000024, 0.47500000000000026, 0.48750000000000027, 0.5000000000000002]","[4, 4, 4, 4, 4, 4, 4, 4, 4, 4, 4, 4, 4, 4, 4, 4, 4, 4, 4, 4, 4, 4, 4, 4, 4, 4, 4, 4, 4, 4, 4, 4, 4, 4, 4, 4, 4, 4, 4, 4]","[10.39720770839918, 10.398794881506852, 10.40356533054996, 10.411525430774766, 10.42267566736924, 10.437013961513758, 10.454535961287025, 10.47523512225167, 10.499102738231239, 10.52612795919833, 10.55629781059285, 10.589597220606949, 10.626009058521008, 10.665514185383802, 10.70809151728078, 10.753718100760475, 10.802369199529311, 10.854018391203956, 10.908637672690267, 10.96619757261784, 11.026667269186767, 11.09001471176901, 11.156206744642597, 11.225209231315002, 11.296987178004233, 11.371504854984332, 11.448725914658555, 11.528613505390144, 11.611130380291034, 11.696239000336448, 11.783901631333608, 11.874080434420735, 11.96673754990681, 12.061835174379839, 12.159335631111945, 12.259201433873073, 12.361395344332106, 12.46588042327601, 12.572620075916115, 12.681578091576778, 12.792718678078336]",13.386595327956723,0,4,0,0.00625
Square,5,3,0.5,periodic,open,finite,"[0.0, 0.0125, 0.025, 0.037500000000000006, 0.05, 0.0625, 0.075, 0.0875, 0.09999999999999999, 0.11249999999999999, 0.12499999999999999, 0.13749999999999998, 0.15, 0.1625, 0.17500000000000002, 0.18750000000000003, 0.20000000000000004, 0.21250000000000005, 0.22500000000000006, 0.23750000000000007, 0.25000000000000006, 0.26250000000000007, 0.2750000000000001, 0.2875000000000001, 0.3000000000000001, 0.3125000000000001, 0.3250000000000001, 0.33750000000000013, 0.35000000000000014, 0.36250000000000016, 0.37500000000000017, 0.3875000000000002, 0.4000000000000002, 0.4125000000000002, 0.4250000000000002, 0.4375000000000002, 0.45000000000000023, 0.46250000000000024, 0.47500000000000026, 0.48750000000000027, 0.5000000000000002]","[16, 16, 16, 16, 16, 16, 16, 16, 16, 16, 16, 16, 16, 16, 16, 16, 16, 16, 16, 16, 16, 16, 16, 16, 16, 16, 16, 16, 16, 16, 16, 16, 16, 16, 16, 16, 16, 16, 16, 16]","[10.39720770839918, 10.399160341024679, 10.405016697734998, 10.414773599567793, 10.428425744156675, 10.445965734176516, 10.467384127046035, 10.49266950139809, 10.52180853607215, 10.554786097706156, 10.591585333430327, 10.63218776561149, 10.676573386012146, 10.724720747095715, 10.776607048530392, 10.832208217232187, 10.891498979558461, 10.954452924529813, 11.021042557232152, 11.09123934183567, 11.165013733966338, 11.242335202474498, 11.32317224095975, 11.407492369721986, 11.49526212910742, 11.586447065493866, 11.681011711401617, 11.778919561415217, 11.88013304574863, 11.984613503375138, 12.092321156669879, 12.203215089475254, 12.317253230398949, 12.434392342994741, 12.554588024264445, 12.677794712663454, 12.803965706503455, 12.933053193334663, 13.065008290569356, 13.199781097289629, 13.337320756876906]",13.386595327956723,0,16,0,0.00625
Square,5,3,0.5,periodic,open,finite,"[0.0, 0.0125, 0.025, 0.037500000000000006, 0.05, 0.0625, 0.075, 0.0875, 0.09999999999999999, 0.11249999999999999, 0.12499999999999999, 0.13749999999999998, 0.15, 0.1625, 0.17500000000000002, 0.18750000000000003, 0.20000000000000004, 0.21250000000000005, 0.22500000000000006, 0.23750000000000007, 0.25000000000000006, 0.26250000000000007, 0.2750000000000001, 0.2875000000000001, 0.3000000000000001, 0.3125000000000001, 0.3250000000000001, 0.33750000000000013, 0.35000000000000014, 0.36250000000000016, 0.37500000000000017, 0.3875000000000002, 0.4000000000000002, 0.4125000000000002, 0.4250000000000002, 0.4375000000000002, 0.45000000000000023, 0.46250000000000024, 0.47500000000000026, 0.48750000000000027, 0.5000000000000002]","[26, 50, 64, 64, 64, 64, 64, 64, 64, 64, 64, 64, 64, 64, 64, 64, 64, 64, 64, 64, 64, 64, 64, 64, 64, 64, 64, 64, 64, 64, 64, 64, 64, 64, 64, 64, 64, 64, 64, 64]","[10.39720770839918, 10.39916035168888, 10.405017109874153, 10.414776098711762, 10.42843414371716, 10.445986755009237, 10.467428112155703, 10.49275105627284, 10.521947089337173, 10.555006380351871, 10.591917777717807, 10.632668826894573, 10.677245792207332, 10.725633681486576, 10.777816272142097, 10.833776136839546, 10.893494667497329, 10.956952095941617, 11.024127509643172, 11.094998863465289, 11.16954298074987, 11.247735544219912, 11.329551083324946, 11.414962950314656, 11.503943286882766, 11.596462982639396, 11.692491625871437, 11.791997447952797, 11.894947262245738, 12.001306399318285, 12.111038641781207, 12.224106160611594, 12.340469455263603, 12.460087300152054, 12.582916700053163, 12.708912856847963, 12.838029149864916, 12.970217131827818, 13.105426541669173, 13.243605334894676, 13.38469973306023]",13.386595327956723,0,64,0,0.00625
Square,5,3,0.5,periodic,open,finite,"[0.0, 0.0125, 0.025, 0.037500000000000006, 0.05, 0.0625, 0.075, 0.0875, 0.09999999999999999, 0.11249999999999999, 0.12499999999999999, 0.13749999999999998, 0.15, 0.1625, 0.17500000000000002, 0.18750000000000003, 0.20000000000000004, 0.21250000000000005, 0.22500000000000006, 0.23750000000000007, 0.25000000000000006, 0.26250000000000007, 0.2750000000000001, 0.2875000000000001, 0.3000000000000001, 0.3125000000000001, 0.3250000000000001, 0.33750000000000013, 0.35000000000000014, 0.36250000000000016, 0.37500000000000017, 0.3875000000000002, 0.4000000000000002, 0.4125000000000002, 0.4250000000000002, 0.4375000000000002, 0.45000000000000023, 0.46250000000000024, 0.47500000000000026, 0.48750000000000027, 0.5000000000000002]","[26, 50, 65, 68, 75, 77, 77, 78, 79, 80, 81, 83, 85, 87, 88, 88, 89, 89, 90, 91, 92, 92, 94, 94, 95, 95, 95, 95, 95, 96, 96, 96, 96, 96, 96, 97, 97, 97, 97, 97]","[10.39720770839918, 10.39916035168888, 10.405017109874153, 10.414776098711762, 10.428434143715478, 10.44598675499268, 10.467428112091357, 10.492751056100884, 10.521947088964417, 10.555006379646494, 10.59191777650576, 10.63266882496001, 10.677245789298627, 10.725633677313887, 10.777816266283262, 10.833776128746603, 10.893494656487679, 10.956952081156633, 11.024127490051313, 11.094998835714133, 11.169542938196159, 11.247735479087197, 11.329550986698026, 11.41496281210926, 11.503943096159492, 11.596462727820288, 11.692491294787395, 11.791997027491625, 11.89494673808699, 12.001305756293577, 12.111037864241805, 12.22410523267362, 12.34046836099553, 12.460086023733846, 12.582915225913784, 12.708911169767969, 12.8380272349774, 12.97021497436544, 13.105424126612078, 13.243602647144268, 13.384696757904138]",13.386595327956723,0,200,0,0.00625
Square,5,3,0.5,periodic,open,finite,"[0.0, 0.0125, 0.025, 0.037500000000000006, 0.05, 0.0625, 0.075, 0.0875, 0.09999999999999999, 0.11249999999999999, 0.12499999999999999, 0.13749999999999998, 0.15, 0.1625, 0.17500000000000002, 0.18750000000000003, 0.20000000000000004, 0.21250000000000005, 0.22500000000000006, 0.23750000000000007, 0.25000000000000006, 0.26250000000000007, 0.2750000000000001, 0.2875000000000001, 0.3000000000000001, 0.3125000000000001, 0.3250000000000001, 0.33750000000000013, 0.35000000000000014, 0.36250000000000016, 0.37500000000000017, 0.3875000000000002, 0.4000000000000002, 0.4125000000000002, 0.4250000000000002, 0.4375000000000002, 0.45000000000000023, 0.46250000000000024, 0.47500000000000026, 0.48750000000000027, 0.5000000000000002]","[4, 4, 4, 4, 4, 4, 4, 4, 4, 4, 4, 4, 4, 4, 4, 4, 4, 4, 4, 4, 4, 4, 4, 4, 4, 4, 4, 4, 4, 4, 4, 4, 4, 4, 4, 4, 4, 4, 4, 4]","[10.39720770839918, 10.398774685096726, 10.403548834390131, 10.411559742063949, 10.422805475961697, 10.437277743774164, 10.454963662769428, 10.475846467814177, 10.499905915936008, 10.527118572845891, 10.557458047099743, 10.590895198769646, 10.627398334312039, 10.666933392690174, 10.709464124730259, 10.754952266248004, 10.803357704850876, 10.854638640113896, 10.908751736844208, 10.965652271280808, 11.025294270256067, 11.08763064353297, 11.15261330970193, 11.220193316156793, 11.290320953762834, 11.362945866876844, 11.438017159381534, 11.515483497357062, 11.595293208938642, 11.677394381807568, 11.761734958643048, 11.848262830732821, 11.936925929809144, 12.027672318052051, 12.120450276089437, 12.21520838872859, 12.311895628079547, 12.410461433679513, 12.510855789198782, 12.613029295302997, 12.716933238260367]",13.337309344480573,1,4,1,0.00625
Square,5,3,0.5,periodic,open,finite,"[0.0, 0.0125, 0.025, 0.037500000000000006, 0.05, 0.0625, 0.075, 0.0875, 0.09999999999999999, 0.11249999999999999, 0.12499999999999999, 0.13749999999999998, 0.15, 0.1625, 0.17500000000000002, 0.18750000000000003, 0.20000000000000004, 0.21250000000000005, 0.22500000000000006, 0.23750000000000007, 0.25000000000000006, 0.26250000000000007, 0.2750000000000001, 0.2875000000000001, 0.3000000000000001, 0.3125000000000001, 0.3250000000000001, 0.33750000000000013, 0.35000000000000014, 0.36250000000000016, 0.37500000000000017, 0.3875000000000002, 0.4000000000000002, 0.4125000000000002, 0.4250000000000002, 0.4375000000000002, 0.45000000000000023, 0.46250000000000024, 0.47500000000000026, 0.48750000000000027, 0.5000000000000002]","[16, 16, 16, 16, 16, 16, 16, 16, 16, 16, 16, 16, 16, 16, 16, 16, 16, 16, 16, 16, 16, 16, 16, 16, 16, 16, 16, 16, 16, 16, 16, 16, 16, 16, 16, 16, 16, 16, 16, 16]","[10.39720770839918, 10.399160341021464, 10.405016668760986, 10.414773396878724, 10.428424998351167, 10.44596369956673, 10.46737946563505, 10.49265998537018, 10.521790656376153, 10.554754570937108, 10.59153250357705, 10.632102901168567, 10.676441876322814, 10.72452320451303, 10.77631832504406, 10.831796345690732, 10.890924050703763, 10.953665912004247, 11.019984103764356, 11.089838521129028, 11.163186804434766, 11.239984370776563, 11.320184455046558, 11.403738162564702, 11.490594535153772, 11.580700632035542, 11.674001626319132, 11.77044091719201, 11.869960257272387, 11.972499893986589, 12.077998723331246, 12.186394453994982, 12.297623779569728, 12.411622556494905, 12.528325985457718, 12.647668794213967, 12.769585420165857, 12.894010191480156, 13.020877505972457, 13.150122007333271, 13.281678758449178]",13.337309344480573,1,16,1,0.00625
Square,5,3,0.5,periodic,open,finite,"[0.0, 0.0125, 0.025, 0.037500000000000006, 0.05, 0.0625, 0.075, 0.0875, 0.09999999999999999, 0.11249999999999999, 0.12499999999999999, 0.13749999999999998, 0.15, 0.1625, 0.17500000000000002, 0.18750000000000003, 0.20000000000000004, 0.21250000000000005, 0.22500000000000006, 0.23750000000000007, 0.25000000000000006, 0.26250000000000007, 0.2750000000000001, 0.2875000000000001, 0.3000000000000001, 0.3125000000000001, 0.3250000000000001, 0.33750000000000013, 0.35000000000000014, 0.36250000000000016, 0.37500000000000017, 0.3875000000000002, 0.4000000000000002, 0.4125000000000002, 0.4250000000000002, 0.4375000000000002, 0.45000000000000023, 0.46250000000000024, 0.47500000000000026, 0.48750000000000027, 0.5000000000000002]","[26, 50, 64, 64, 64, 64, 64, 64, 64, 64, 64, 64, 64, 64, 64, 64, 64, 64, 64, 64, 64, 64, 64, 64, 64, 64, 64, 64, 64, 64, 64, 64, 64, 64, 64, 64, 64, 64, 64, 64]","[10.39720770839918, 10.3991603531816, 10.405017134312178, 10.41477615911353, 10.428434216107323, 10.445986719063997, 10.467427645024618, 10.492749464890537, 10.521943066960523, 10.554997674068275, 10.591900755258596, 10.632637933224004, 10.677192888994561, 10.725547265647645, 10.777680572945473, 10.833570095253704, 10.893190804445009, 10.95651528058613, 11.02351364374711, 11.094153496614334, 11.1683998798298, 11.246215245094621, 11.327559446900061, 11.412389752996459, 11.500660874640532, 11.592325017071214, 11.687331951366774, 11.785629106222567, 11.887161678678355, 11.991872763947635, 12.09970350232793, 12.210593241141748, 12.324479709644958, 12.441299204616852, 12.560986784194146, 12.68347646743611, 12.80870143710595, 12.936594243240396, 13.06708700526594, 13.200111610313195, 13.335599905060167]",13.337309344480573,1,64,1,0.00625
Square,5,3,0.5,periodic,open,finite,"[0.0, 0.0125, 0.025, 0.037500000000000006, 0.05, 0.0625, 0.075, 0.0875, 0.09999999999999999, 0.11249999999999999, 0.12499999999999999, 0.13749999999999998, 0.15, 0.1625, 0.17500000000000002, 0.18750000000000003, 0.20000000000000004, 0.21250000000000005, 0.22500000000000006, 0.23750000000000007, 0.25000000000000006, 0.26250000000000007, 0.2750000000000001, 0.2875000000000001, 0.3000000000000001, 0.3125000000000001, 0.3250000000000001, 0.33750000000000013, 0.35000000000000014, 0.36250000000000016, 0.37500000000000017, 0.3875000000000002, 0.4000000000000002, 0.4125000000000002, 0.4250000000000002, 0.4375000000000002, 0.45000000000000023, 0.46250000000000024, 0.47500000000000026, 0.48750000000000027, 0.5000000000000002]","[26, 50, 65, 67, 76, 78, 78, 79, 80, 81, 82, 82, 84, 86, 86, 86, 88, 89, 89, 90, 90, 91, 93, 94, 94, 94, 95, 96, 96, 96, 96, 96, 97, 97, 97, 97, 97, 97, 97, 98]","[10.39720770839918, 10.3991603531816, 10.405017134312178, 10.41477615911353, 10.428434216107096, 10.445986719061372, 10.467427645010124, 10.49274946484113, 10.521943066833005, 10.55499767379146, 10.591900754725652, 10.632637932287192, 10.677192887464614, 10.725547263276088, 10.777680569414795, 10.83357008997376, 10.893190796500956, 10.956515268692424, 11.023513625026785, 11.094153465580114, 11.168399829119835, 11.246215166368382, 11.327559331061648, 11.412389590106603, 11.500660653771654, 11.59232472644222, 11.687331578049083, 11.785628635846317, 11.887161095792905, 11.991872052389548, 12.099702645456258, 12.21059222201361, 12.324478511164745, 12.441297809671084, 12.560985175776064, 12.683474628759512, 12.808699351698339, 12.936591894964383, 13.067084378100382, 13.200108687872968, 13.335596670499337]",13.337309344480573,1,200,1,0.00625
Square,5,3,0.5,periodic,open,finite,"[0.0, 0.0125, 0.025, 0.037500000000000006, 0.05, 0.0625, 0.075, 0.0875, 0.09999999999999999, 0.11249999999999999, 0.12499999999999999, 0.13749999999999998, 0.15, 0.1625, 0.17500000000000002, 0.18750000000000003, 0.20000000000000004, 0.21250000000000005, 0.22500000000000006, 0.23750000000000007, 0.25000000000000006, 0.26250000000000007, 0.2750000000000001, 0.2875000000000001, 0.3000000000000001, 0.3125000000000001, 0.3250000000000001, 0.33750000000000013, 0.35000000000000014, 0.36250000000000016, 0.37500000000000017, 0.3875000000000002, 0.4000000000000002, 0.4125000000000002, 0.4250000000000002, 0.4375000000000002, 0.45000000000000023, 0.46250000000000024, 0.47500000000000026, 0.48750000000000027, 0.5000000000000002]","[4, 4, 4, 4, 4, 4, 4, 4, 4, 4, 4, 4, 4, 4, 4, 4, 4, 4, 4, 4, 4, 4, 4, 4, 4, 4, 4, 4, 4, 4, 4, 4, 4, 4, 4, 4, 4, 4, 4, 4]","[10.39720770839918, 10.39891929105825, 10.404065205002013, 10.412645599932356, 10.424656663619796, 10.440093036396968, 10.458947851869278, 10.481212792862525, 10.506878162083504, 10.53593296706957, 10.568365018469024, 10.604161040371109, 10.643306791165989, 10.685787193228519, 10.731586469576444, 10.780688285551069, 10.833075893505695, 10.888732278462008, 10.947640302705107, 11.009782847331422, 11.07514294883636, 11.143703928927088, 11.215449515866219, 11.290363955790351, 11.368432112600194, 11.449639555182358, 11.533972630894215, 11.621418524419502, 11.711965301281229, 11.805601935477949, 11.902318320887968, 12.002105266261848, 12.104954473795498, 12.210858501443152, 12.319810709290302, 12.431805190460482, 12.54683668717554, 12.664900492726051, 12.785992340235907, 12.910108279222523, 13.037244541060906]",13.575053792312808,2,4,2,0.00625
Square,5,3,0.5,periodic,open,finite,"[0.0, 0.0125, 0.025, 0.037500000000000006, 0.05, 0.0625, 0.075, 0.0875, 0.09999999999999999, 0.11249999999999999, 0.12499999999999999, 0.13749999999999998, 0.15, 0.1625, 0.17500000000000002, 0.18750000000000003, 0.20000000000000004, 0.21250000000000005, 0.22500000000000006, 0.23750000000000007, 0.25000000000000006, 0.26250000000000007, 0.2750000000000001, 0.2875000000000001, 0.3000000000000001, 0.3125000000000001, 0.3250000000000001, 0.33750000000000013, 0.35000000000000014, 0.36250000000000016, 0.37500000000000017, 0.3875000000000002, 0.4000000000000002, 0.4125000000000002, 0.4250000000000002, 0.4375000000000002, 0.45000000000000023, 0.46250000000000024, 0.47500000000000026, 0.48750000000000027, 0.5000000000000002]","[16, 16, 16, 16, 16, 16, 16, 16, 16, 16, 16, 16, 16, 16, 16, 16, 16, 16, 16, 16, 16, 16, 16, 16, 16, 16, 16, 16, 16, 16, 16, 16, 16, 16, 16, 16, 16, 16, 16, 16]","[10.39720770839918, 10.399160420317157, 10.405018171839377, 10.414781282559002, 10.428450253461817, 10.446025752372199, 10.467508604848087, 10.492899788635537, 10.522200430173696, 10.555411802024857, 10.59253532047994, 10.633572542888313, 10.6785251644481, 10.7273950142613, 10.780184050413828, 10.83689435369769, 10.897528119369383, 10.962087646055688, 11.030575320599645, 11.102993597312164, 11.179344969787584, 11.2596319331823, 11.343856934669892, 11.432022309692023, 11.524130201633396, 11.620182462664607, 11.720180533716018, 11.8241253018633, 11.932016933816536, 12.04385468470646, 12.159636681954705, 12.279359684703097, 12.403018820060694, 12.530607298305252, 12.66211611013412, 12.797533710076337, 12.936845691213735, 13.08003445736421, 13.22707889979294, 13.37795408626867, 13.532630970803156]",13.575053792312808,2,16,2,0.00625
Square,5,3,0.5,periodic,open,finite,"[0.0, 0.0125, 0.025, 0.037500000000000006, 0.05, 0.0625, 0.075, 0.0875, 0.09999999999999999, 0.11249999999999999, 0.12499999999999999, 0.13749999999999998, 0.15, 0.1625, 0.17500000000000002, 0.18750000000000003, 0.20000000000000004, 0.21250000000000005, 0.22500000000000006, 0.23750000000000007, 0.25000000000000006, 0.26250000000000007, 0.2750000000000001, 0.2875000000000001, 0.3000000000000001, 0.3125000000000001, 0.3250000000000001, 0.33750000000000013, 0.35000000000000014, 0.36250000000000016, 0.37500000000000017, 0.3875000000000002, 0.4000000000000002, 0.4125000000000002, 0.4250000000000002, 0.4375000000000002, 0.45000000000000023, 0.46250000000000024, 0.47500000000000026, 0.48750000000000027, 0.5000000000000002]","[26, 51, 64, 64, 64, 64, 64, 64, 64, 64, 64, 64, 64, 64, 64, 64, 64, 64, 64, 64, 64, 64, 64, 64, 64, 64, 64, 64, 64, 64, 64, 64, 64, 64, 64, 64, 64, 64, 64, 64]","[10.39720770839918, 10.399160432497489, 10.405018610759903, 10.414783862950916, 10.428458826822709, 10.446047098465899, 10.467553167101899, 10.492982343806087, 10.522340684930656, 10.555634910877593, 10.59287232076131, 10.63406070338927, 10.67920824490983, 10.72832343322772, 10.781414959326451, 10.838491615517711, 10.899562190466694, 10.964635360112299, 11.03371957469555, 11.106822942639656, 11.183953105985237, 11.265117107886692, 11.350321255817006, 11.439570975480853, 11.532870654097705, 11.630223473261163, 11.731631230268356, 11.837094146584114, 11.9466106627066, 12.060177220678337, 12.17778803463538, 12.299434850408305, 12.425106696228912, 12.554789627410576, 12.688466468698927, 12.82611655882355, 12.967715502573869, 13.113234936247224, 13.262642312356789, 13.415900710252911, 13.572968679953442]",13.575053792312808,2,64,2,0.00625
Square,5,3,0.5,periodic,open,finite,"[0.0, 0.0125, 0.025, 0.037500000000000006, 0.05, 0.0625, 0.075, 0.0875, 0.09999999999999999, 0.11249999999999999, 0.12499999999999999, 0.13749999999999998, 0.15, 0.1625, 0.17500000000000002, 0.18750000000000003, 0.20000000000000004, 0.21250000000000005, 0.22500000000000006, 0.23750000000000007, 0.25000000000000006, 0.26250000000000007, 0.2750000000000001, 0.2875000000000001, 0.3000000000000001, 0.3125000000000001, 0.3250000000000001, 0.33750000000000013, 0.35000000000000014, 0.36250000000000016, 0.37500000000000017, 0.3875000000000002, 0.4000000000000002, 0.4125000000000002, 0.4250000000000002, 0.4375000000000002, 0.45000000000000023, 0.46250000000000024, 0.47500000000000026, 0.48750000000000027, 0.5000000000000002]","[26, 51, 65, 68, 76, 77, 77, 78, 78, 80, 82, 82, 85, 86, 86, 87, 88, 89, 90, 90, 90, 91, 92, 93, 93, 94, 94, 94, 94, 94, 94, 94, 94, 94, 94, 95, 95, 95, 95, 95]","[10.39720770839918, 10.399160432497489, 10.405018610759903, 10.414783862950914, 10.428458826822196, 10.44604709846172, 10.467553167083004, 10.492982343748324, 10.522340684792189, 10.555634910593785, 10.592872320239774, 10.63406070250626, 10.67920824347427, 10.72832343097723, 10.781414955949465, 10.83849161061956, 10.899562183347353, 10.964635349753737, 11.033719559641892, 11.106822919060171, 11.183953066706897, 11.265117043749052, 11.350321156020316, 11.439570827498848, 11.53287044394844, 11.63022318565985, 11.731630848360677, 11.837093651591987, 11.94661003418388, 12.060176436906145, 12.17778707292648, 12.29943368736769, 12.425105308001482, 12.554787989923947, 12.688464557892383, 12.82611435082186, 12.967712973693912, 13.113232062766519, 13.26263907044243, 13.415897076402777, 13.572964631605586]",13.575053792312808,2,200,2,0.00625
Square,6,3,0.5,periodic,open,finite,"[0.0, 0.0125, 0.025, 0.037500000000000006, 0.05, 0.0625, 0.075, 0.0875, 0.09999999999999999, 0.11249999999999999, 0.12499999999999999, 0.13749999999999998, 0.15, 0.1625, 0.17500000000000002, 0.18750000000000003, 0.20000000000000004, 0.21250000000000005, 0.22500000000000006, 0.23750000000000007, 0.25000000000000006, 0.26250000000000007, 0.2750000000000001, 0.2875000000000001, 0.3000000000000001, 0.3125000000000001, 0.3250000000000001, 0.33750000000000013, 0.35000000000000014, 0.36250000000000016, 0.37500000000000017, 0.3875000000000002, 0.4000000000000002, 0.4125000000000002, 0.4250000000000002, 0.4375000000000002, 0.45000000000000023, 0.46250000000000024, 0.47500000000000026, 0.48750000000000027, 0.5000000000000002]","[4, 4, 4, 4, 4, 4, 4, 4, 4, 4, 4, 4, 4, 4, 4, 4, 4, 4, 4, 4, 4, 4, 4, 4, 4, 4, 4, 4, 4, 4, 4, 4, 4, 4, 4, 4, 4, 4, 4, 4]","[12.476649250079015, 12.478758282232045, 12.485082839149303, 12.495615843168308, 12.51034555430711, 12.5292556531242, 12.5523253544263, 12.579529549974215, 12.61083897791542, 12.646220416319292, 12.685636897914483, 12.729047942932022, 12.77640980684317, 12.827675739745395, 12.882796254187319, 12.941719398326326, 13.004391031471359, 13.070755099267084, 13.140753906013146, 13.21432838187265, 13.29141834299672, 13.371962742867874, 13.455899913435633, 13.543167794877359, 13.633704153060156, 13.727446784002753, 13.824333704837704, 13.924303330952434, 14.027294639143836, 14.133247316755382, 14.24210189687998, 14.353799879808026, 14.468283840980027, 14.585497525769167, 14.70538593147316, 14.827895376938578, 14.952973560276163, 15.080569605153919, 15.210634096177142, 15.343119103882175, 15.47797819988417]",16.052785244018445,0,4,0,0.00625
Square,6,3,0.5,periodic,open,finite,"[0.0, 0.0125, 0.025, 0.037500000000000006, 0.05, 0.0625, 0.075, 0.0875, 0.09999999999999999, 0.11249999999999999, 0.12499999999999999, 0.13749999999999998, 0.15, 0.1625, 0.17500000000000002, 0.18750000000000003, 0.20000000000000004, 0.21250000000000005, 0.22500000000000006, 0.23750000000000007, 0.25000000000000006, 0.26250000000000007, 0.2750000000000001, 0.2875000000000001, 0.3000000000000001, 0.3125000000000001, 0.3250000000000001, 0.33750000000000013, 0.35000000000000014, 0.36250000000000016, 0.37500000000000017, 0.3875000000000002, 0.4000000000000002, 0.4125000000000002, 0.4250000000000002, 0.4375000000000002, 0.45000000000000023, 0.46250000000000024, 0.47500000000000026, 0.48750000000000027, 0.5000000000000002]","[8, 9, 16, 16, 16, 16, 16, 16, 16, 16, 16, 16, 16, 16, 16, 16, 16, 16, 16, 16, 16, 16, 16, 16, 16, 16, 16, 16, 16, 16, 16, 16, 16, 16, 16, 16, 16, 16, 16, 16]","[12.476649250079015, 12.478758335598949, 12.485084651147123, 12.495684450443319, 12.510904295950915, 12.530795917743655, 12.555349915314276, 12.584554455959356, 12.618395326622064, 12.656855981457936, 12.699917584603737, 12.747559048204986, 12.799757066244164, 12.856486145051313, 12.917718631620259, 12.983424741000592, 13.053572584090725, 13.128128197128188, 13.207055574072536, 13.290316702919634, 13.377871606789169, 13.469678390407855, 13.565693292382898, 13.665870743438925, 13.770163430586082, 13.878522367006621, 13.990896967295988, 14.107235127574311, 14.227483309896243, 14.351586630327986, 14.479488950028012, 14.611132968658296, 14.746460319462281, 14.885411665369814, 15.02792679552534, 15.173944721680007, 15.32340377393858, 15.476241695406005, 15.632395735334207, 15.791802740425616, 15.95439924400446]",16.052785244018445,0,16,0,0.00625
Square,6,3,0.5,periodic,open,finite,"[0.0, 0.0125, 0.025, 0.037500000000000006, 0.05, 0.0625, 0.075, 0.0875, 0.09999999999999999, 0.11249999999999999, 0.12499999999999999, 0.13749999999999998, 0.15, 0.1625, 0.17500000000000002, 0.18750000000000003, 0.20000000000000004, 0.21250000000000005, 0.22500000000000006, 0.23750000000000007, 0.25000000000000006, 0.26250000000000007, 0.2750000000000001, 0.2875000000000001, 0.3000000000000001, 0.3125000000000001, 0.3250000000000001, 0.33750000000000013, 0.35000000000000014, 0.36250000000000016, 0.37500000000000017, 0.3875000000000002, 0.4000000000000002, 0.4125000000000002, 0.4250000000000002, 0.4375000000000002, 0.45000000000000023, 0.46250000000000024, 0.47500000000000026, 0.48750000000000027, 0.5000000000000002]","[8, 9, 33, 62, 64, 64, 64, 64, 64, 64, 64, 64, 64, 64, 64, 64, 64, 64, 64, 64, 64, 64, 64, 64, 64, 64, 64, 64, 64, 64, 64, 64, 64, 64, 64, 64, 64, 64, 64, 64]","[12.476649250079015, 12.478758335598949, 12.485084651147123, 12.49568449370621, 12.510905360323052, 12.530801098885055, 12.555365368722345, 12.584590286052645, 12.618466395823077, 12.656982639812922, 12.70012632192357, 12.747883071648262, 12.80023680677615, 12.857169696406405, 12.918662125335416, 12.984692660848408, 13.05523802292879, 13.130273058749289, 13.209770722198549, 13.29370205810437, 13.382036192885197, 13.474740331093283, 13.57177975830206, 13.673117853590982, 13.778716108759195, 13.888534136091637, 14.002529695465446, 14.120658728885294, 14.242875394434225, 14.369132102328711, 14.499379557901458, 14.63356680819819, 14.77164128608674, 14.913548856926338, 15.05923387039885, 15.208639214310756, 15.361706370252875, 15.518375471549321, 15.678585363884167, 15.842273669079203, 16.0093768524242]",16.052785244018445,0,64,0,0.00625
Square,6,3,0.5,periodic,open,finite,"[0.0, 0.0125, 0.025, 0.037500000000000006, 0.05, 0.0625, 0.075, 0.0875, 0.09999999999999999, 0.11249999999999999, 0.12499999999999999, 0.13749999999999998, 0.15, 0.1625, 0.17500000000000002, 0.18750000000000003, 0.20000000000000004, 0.21250000000000005, 0.22500000000000006, 0.23750000000000007, 0.25000000000000006, 0.26250000000000007, 0.2750000000000001, 0.2875000000000001, 0.3000000000000001, 0.3125000000000001, 0.3250000000000001, 0.33750000000000013, 0.35000000000000014, 0.36250000000000016, 0.37500000000000017, 0.3875000000000002, 0.4000000000000002, 0.4125000000000002, 0.4250000000000002, 0.4375000000000002, 0.45000000000000023, 0.46250000000000024, 0.47500000000000026, 0.48750000000000027, 0.5000000000000002]","[8, 9, 33, 62, 71, 76, 80, 80, 81, 81, 86, 86, 88, 89, 91, 93, 94, 96, 97, 98, 99, 100, 101, 101, 102, 102, 103, 103, 104, 104, 105, 106, 106, 106, 106, 106, 106, 106, 107, 107]","[12.476649250079015, 12.478758335598949, 12.485084651147123, 12.49568449370621, 12.510905360323052, 12.530801098884563, 12.555365368599638, 12.584590285323234, 12.618466393501896, 12.65698263432192, 12.70012631101818, 12.74788305235207, 12.800236775322311, 12.857169648176848, 12.918662054808369, 12.984692561560816, 13.055237887381626, 13.13027287815889, 13.209770485960744, 13.293701753733798, 13.38203580586671, 13.474739844858561, 13.571779154173088, 13.673117107204565, 13.778715182144936, 13.888532982426101, 14.002528262324605, 14.120656957255733, 14.242873218255195, 14.369129450150336, 14.499376352956277, 14.633562966090084, 14.771636715076033, 14.913543460513376, 15.059227549183776, 15.208631867281957, 15.361697895859946, 15.51836576866764, 15.678574332649662, 15.842261211414248, 16.00936287202079]",16.052785244018445,0,200,0,0.00625
Square,6,3,0.5,periodic,open,finite,"[0.0, 0.0125, 0.025, 0.037500000000000006, 0.05, 0.0625, 0.075, 0.0875, 0.09999999999999999, 0.11249999999999999, 0.12499999999999999, 0.13749999999999998, 0.15, 0.1625, 0.17500000000000002, 0.18750000000000003, 0.20000000000000004, 0.21250000000000005, 0.22500000000000006, 0.23750000000000007, 0.25000000000000006, 0.26250000000000007, 0.2750000000000001, 0.2875000000000001, 0.3000000000000001, 0.3125000000000001, 0.3250000000000001, 0.33750000000000013, 0.35000000000000014, 0.36250000000000016, 0.37500000000000017, 0.3875000000000002, 0.4000000000000002, 0.4125000000000002, 0.4250000000000002, 0.4375000000000002, 0.45000000000000023, 0.46250000000000024, 0.47500000000000026, 0.48750000000000027, 0.5000000000000002]","[4, 4, 4, 4, 4, 4, 4, 4, 4, 4, 4, 4, 4, 4, 4, 4, 4, 4, 4, 4, 4, 4, 4, 4, 4, 4, 4, 4, 4, 4, 4, 4, 4, 4, 4, 4, 4, 4, 4, 4]","[12.476649250079015, 12.478758242595525, 12.485082133031257, 12.495612222280803, 12.510334113946685, 12.529227840943406, 12.552268038989224, 12.579424163711616, 12.610660747340265, 12.6459376903329, 12.68521058278902, 12.728431050164607, 12.775547117610243, 12.826503587212555, 12.881242422517074, 12.939703134935879, 13.00182316698018, 13.067538267685824, 13.136782856099222, 13.209490369240147, 13.285593591536093, 13.365024963310546, 13.44771686648754, 13.533601886231668, 13.622613047764233, 13.714684028072762, 13.809749342655902, 13.907744507814334, 14.008606179309469, 14.11227226846504, 14.2186820369848, 14.327776171905102, 14.439496842199349, 14.553787738606482, 14.67059409827354, 14.789862715788995, 14.911541942143648, 15.035581673095416, 15.16193332833837, 15.290549822788595, 15.42138553120492]",15.971697064527575,1,4,1,0.00625
Square,6,3,0.5,periodic,open,finite,"[0.0, 0.0125, 0.025, 0.037500000000000006, 0.05, 0.0625, 0.075, 0.0875, 0.09999999999999999, 0.11249999999999999, 0.12499999999999999, 0.13749999999999998, 0.15, 0.1625, 0.17500000000000002, 0.18750000000000003, 0.20000000000000004, 0.21250000000000005, 0.22500000000000006, 0.23750000000000007, 0.25000000000000006, 0.26250000000000007, 0.2750000000000001, 0.2875000000000001, 0.3000000000000001, 0.3125000000000001, 0.3250000000000001, 0.33750000000000013, 0.35000000000000014, 0.36250000000000016, 0.37500000000000017, 0.3875000000000002, 0.4000000000000002, 0.4125000000000002, 0.4250000000000002, 0.4375000000000002, 0.45000000000000023, 0.46250000000000024, 0.47500000000000026, 0.48750000000000027, 0.5000000000000002]","[8, 9, 16, 16, 16, 16, 16, 16, 16, 16, 16, 16, 16, 16, 16, 16, 16, 16, 16, 16, 16, 16, 16, 16, 16, 16, 16, 16, 16, 16, 16, 16, 16, 16, 16, 16, 16, 16, 16, 16]","[12.476649250079015, 12.478758295961716, 12.485083914292794, 12.495680609526579, 12.510892015865585, 12.530765813176835, 12.555287434934561, 12.584438828024512, 12.618198576119601, 12.656542032288963, 12.699441457878594, 12.74686616514404, 12.798782661640638, 12.855154794774966, 12.915943895279595, 12.981108918699706, 13.050606584263138, 13.124391510738924, 13.202416349070878, 13.284631911703185, 13.370987298598076, 13.461430019987166, 13.555906115906396, 13.654360272548539, 13.756735935436634, 13.862975419385197, 13.97302001518226, 14.086810092899231, 14.204285201722628, 14.325384166203321, 14.450045178835708, 14.578205888909935, 14.709803487622448, 14.84477478948061, 14.983056310092069, 15.124584340485095, 15.269295018159207, 15.417124395111596, 15.568008503123062, 15.721883416613501, 15.87868531339201]",15.971697064527575,1,16,1,0.00625
Square,6,3,0.5,periodic,open,finite,"[0.0, 0.0125, 0.025, 0.037500000000000006, 0.05, 0.0625, 0.075, 0.0875, 0.09999999999999999, 0.11249999999999999, 0.12499999999999999, 0.13749999999999998, 0.15, 0.1625, 0.17500000000000002, 0.18750000000000003, 0.20000000000000004, 0.21250000000000005, 0.22500000000000006, 0.23750000000000007, 0.25000000000000006, 0.26250000000000007, 0.2750000000000001, 0.2875000000000001, 0.3000000000000001, 0.3125000000000001, 0.3250000000000001, 0.33750000000000013, 0.35000000000000014, 0.36250000000000016, 0.37500000000000017, 0.3875000000000002, 0.4000000000000002, 0.4125000000000002, 0.4250000000000002, 0.4375000000000002, 0.45000000000000023, 0.46250000000000024, 0.47500000000000026, 0.48750000000000027, 0.5000000000000002]","[8, 9, 33, 62, 64, 64, 64, 64, 64, 64, 64, 64, 64, 64, 64, 64, 64, 64, 64, 64, 64, 64, 64, 64, 64, 64, 64, 64, 64, 64, 64, 64, 64, 64, 64, 64, 64, 64, 64, 64]","[12.476649250079015, 12.478758295961716, 12.485083914292794, 12.495680655967933, 12.510893132081986, 12.530771194812703, 12.555303440732793, 12.584475910116383, 12.618272122081455, 12.65667311418166, 12.699657485881609, 12.747201445297726, 12.799278858589977, 12.855861301460155, 12.916918112314256, 12.98241644611897, 13.052321329069116, 13.126595713174646, 13.205200531295551, 13.288094751775178, 13.375235433122706, 13.46657777857764, 13.56207519051017, 13.661679325702234, 13.765340151599382, 13.873006004415885, 13.984623649373692, 14.100138340270412, 14.21949388400496, 14.34263270936395, 14.469495936386148, 14.600023451156362, 14.734153986064534, 14.871825204222022, 15.012973788232678, 15.157535533378955, 15.305445445090454, 15.456637840441982, 15.611046453242103, 15.768604542041952, 15.929245000562222]",15.971697064527575,1,64,1,0.00625
Square,6,3,0.5,periodic,open,finite,"[0.0, 0.0125, 0.025, 0.037500000000000006, 0.05, 0.0625, 0.075, 0.0875, 0.09999999999999999, 0.11249999999999999, 0.12499999999999999, 0.13749999999999998, 0.15, 0.1625, 0.17500000000000002, 0.18750000000000003, 0.20000000000000004, 0.21250000000000005, 0.22500000000000006, 0.23750000000000007, 0.25000000000000006, 0.26250000000000007, 0.2750000000000001, 0.2875000000000001, 0.3000000000000001, 0.3125000000000001, 0.3250000000000001, 0.33750000000000013, 0.35000000000000014, 0.36250000000000016, 0.37500000000000017, 0.3875000000000002, 0.4000000000000002, 0.4125000000000002, 0.4250000000000002, 0.4375000000000002, 0.45000000000000023, 0.46250000000000024, 0.47500000000000026, 0.48750000000000027, 0.5000000000000002]","[8, 9, 33, 62, 71, 76, 80, 80, 80, 81, 84, 85, 86, 88, 89, 91, 94, 96, 96, 98, 98, 100, 102, 103, 103, 105, 105, 106, 106, 107, 107, 107, 108, 108, 108, 108, 108, 109, 109, 109]","[12.476649250079015, 12.478758295961716, 12.485083914292794, 12.495680655967933, 12.510893132081986, 12.530771194812429, 12.555303440593782, 12.584475909260501, 12.618272119235163, 12.656673107151807, 12.699657471359227, 12.747201418692837, 12.799278813897923, 12.85586123111117, 12.916918006842574, 12.982416293955227, 13.052321116224688, 13.126595423158216, 13.205200144826863, 13.288094246595614, 13.375234783740654, 13.466576956051465, 13.562074162622922, 13.661678057137726, 13.765338604017497, 13.87300413588323, 13.984621412808472, 14.100135683867528, 14.219490751477778, 14.342629039010411, 14.469491662092999, 14.600018503957642, 14.734148295099946, 14.871818697413786, 15.012966392850718, 15.15752717653303, 15.305436054127311, 15.456627343162848, 15.611034777866477, 15.768591616979803, 15.929230753933746]",15.971697064527575,1,200,1,0.00625
Square,6,3,0.5,periodic,open,finite,"[0.0, 0.0125, 0.025, 0.037500000000000006, 0.05, 0.0625, 0.075, 0.0875, 0.09999999999999999, 0.11249999999999999, 0.12499999999999999, 0.13749999999999998, 0.15, 0.1625, 0.17500000000000002, 0.18750000000000003, 0.20000000000000004, 0.21250000000000005, 0.22500000000000006, 0.23750000000000007, 0.25000000000000006, 0.26250000000000007, 0.2750000000000001, 0.2875000000000001, 0.3000000000000001, 0.3125000000000001, 0.3250000000000001, 0.33750000000000013, 0.35000000000000014, 0.36250000000000016, 0.37500000000000017, 0.3875000000000002, 0.4000000000000002, 0.4125000000000002, 0.4250000000000002, 0.4375000000000002, 0.45000000000000023, 0.46250000000000024, 0.47500000000000026, 0.48750000000000027, 0.5000000000000002]","[4, 4, 4, 4, 4, 4, 4, 4, 4, 4, 4, 4, 4, 4, 4, 4, 4, 4, 4, 4, 4, 4, 4, 4, 4, 4, 4, 4, 4, 4, 4, 4, 4, 4, 4, 4, 4, 4, 4, 4]","[12.476649250079015, 12.47875836153938, 12.485084253011859, 12.49562310176905, 12.510368525844857, 12.529311616628789, 12.552440983915465, 12.579742813021356, 12.611200933465328, 12.646796898593104, 12.686510075410201, 12.730317743775707, 12.778195204003792, 12.83011589182451, 12.88605149957394, 12.945972102419576, 13.009846288383093, 13.077641290901107, 13.14932312266704, 13.224856709523243, 13.304206023221301, 13.387334211937969, 13.47420372752083, 13.564776448538378, 13.659013798318645, 13.756876857274886, 13.858326468931168, 13.963323339171087, 14.071828128335083, 14.183801535883957, 14.299204377424484, 14.41799765395746, 14.540142613257556, 14.66560080332836, 14.79433411789606, 14.926304833912242, 15.06147564103286, 15.199809663028939, 15.34127047106864, 15.485822088793611, 15.633428989100825]",16.33519602969172,2,4,2,0.00625
Square,6,3,0.5,periodic,open,finite,"[0.0, 0.0125, 0.025, 0.037500000000000006, 0.05, 0.0625, 0.075, 0.0875, 0.09999999999999999, 0.11249999999999999, 0.12499999999999999, 0.13749999999999998, 0.15, 0.1625, 0.17500000000000002, 0.18750000000000003, 0.20000000000000004, 0.21250000000000005, 0.22500000000000006, 0.23750000000000007, 0.25000000000000006, 0.26250000000000007, 0.2750000000000001, 0.2875000000000001, 0.3000000000000001, 0.3125000000000001, 0.3250000000000001, 0.33750000000000013, 0.35000000000000014, 0.36250000000000016, 0.37500000000000017, 0.3875000000000002, 0.4000000000000002, 0.4125000000000002, 0.4250000000000002, 0.4375000000000002, 0.45000000000000023, 0.46250000000000024, 0.47500000000000026, 0.48750000000000027, 0.5000000000000002]","[8, 16, 16, 16, 16, 16, 16, 16, 16, 16, 16, 16, 16, 16, 16, 16, 16, 16, 16, 16, 16, 16, 16, 16, 16, 16, 16, 16, 16, 16, 16, 16, 16, 16, 16, 16, 16, 16, 16, 16]","[12.476649250079015, 12.478758414906762, 12.485125424594177, 12.495991440859354, 12.511408691114394, 12.531392469369875, 12.555960100003771, 12.585130691858396, 12.618924863043425, 12.657364465517807, 12.70047230563211, 12.74827185767971, 12.800786969004124, 12.85804155616442, 12.920059292299738, 12.986863286295295, 13.058475754678112, 13.13491768734845, 13.216208508250508, 13.302365731895092, 13.393404616333815, 13.489337812913343, 13.590175013132155, 13.69592259334739, 13.806583258927342, 13.922155690503656, 14.042634195954923, 14.168008372462918, 14.298262783461036, 14.433376655773216, 14.573323602960022, 14.718071381874003, 14.867581690405848, 15.021810014941174, 15.180705535799966, 15.34421109780203, 15.51226325122421, 15.6847923660301, 15.861722819621853, 16.042973255736115, 16.22845690971902]",16.33519602969172,2,16,2,0.00625
Square,6,3,0.5,periodic,open,finite,"[0.0, 0.0125, 0.025, 0.037500000000000006, 0.05, 0.0625, 0.075, 0.0875, 0.09999999999999999, 0.11249999999999999, 0.12499999999999999, 0.13749999999999998, 0.15, 0.1625, 0.17500000000000002, 0.18750000000000003, 0.20000000000000004, 0.21250000000000005, 0.22500000000000006, 0.23750000000000007, 0.25000000000000006, 0.26250000000000007, 0.2750000000000001, 0.2875000000000001, 0.3000000000000001, 0.3125000000000001, 0.3250000000000001, 0.33750000000000013, 0.35000000000000014, 0.36250000000000016, 0.37500000000000017, 0.3875000000000002, 0.4000000000000002, 0.4125000000000002, 0.4250000000000002, 0.4375000000000002, 0.45000000000000023, 0.46250000000000024, 0.47500000000000026, 0.48750000000000027, 0.5000000000000002]","[8, 30, 58, 64, 64, 64, 64, 64, 64, 64, 64, 64, 64, 64, 64, 64, 64, 64, 64, 64, 64, 64, 64, 64, 64, 64, 64, 64, 64, 64, 64, 64, 64, 64, 64, 64, 64, 64, 64, 64]","[12.476649250079015, 12.478758414906762, 12.485144556362696, 12.496160827696041, 12.511870185754333, 12.532278963039772, 12.557395380010265, 12.587229467929676, 12.621792974541856, 12.66109925251103, 12.705163130096935, 12.754000763439462, 12.807629469497074, 12.86606753837305, 12.929334023521772, 12.997448508142632, 13.070430844574007, 13.148300866183474, 13.231078068601574, 13.318781257370354, 13.411428163334378, 13.509035025249057, 13.6116161363009, 13.719183360119183, 13.83174561385871, 13.9493083272561, 14.07187288831199, 14.199436080467942, 14.331989523206225, 14.469519128017728, 14.612004584012402, 14.759418886467392, 14.911727923461582, 15.068890138085832, 15.230856277830803, 15.397569241999548, 15.56896403621986, 15.74496783982788, 15.925500188298543, 16.110473269148674, 16.29979232602155]",16.33519602969172,2,64,2,0.00625
Square,6,3,0.5,periodic,open,finite,"[0.0, 0.0125, 0.025, 0.037500000000000006, 0.05, 0.0625, 0.075, 0.0875, 0.09999999999999999, 0.11249999999999999, 0.12499999999999999, 0.13749999999999998, 0.15, 0.1625, 0.17500000000000002, 0.18750000000000003, 0.20000000000000004, 0.21250000000000005, 0.22500000000000006, 0.23750000000000007, 0.25000000000000006, 0.26250000000000007, 0.2750000000000001, 0.2875000000000001, 0.3000000000000001, 0.3125000000000001, 0.3250000000000001, 0.33750000000000013, 0.35000000000000014, 0.36250000000000016, 0.37500000000000017, 0.3875000000000002, 0.4000000000000002, 0.4125000000000002, 0.4250000000000002, 0.4375000000000002, 0.45000000000000023, 0.46250000000000024, 0.47500000000000026, 0.48750000000000027, 0.5000000000000002]","[8, 30, 58, 67, 72, 79, 80, 80, 81, 83, 86, 87, 88, 90, 93, 95, 96, 98, 99, 100, 100, 100, 101, 102, 103, 104, 105, 105, 106, 107, 107, 107, 107, 108, 108, 108, 108, 108, 108, 108]","[12.476649250079015, 12.478758414906762, 12.485144556362696, 12.496160827696041, 12.511870185754336, 12.532278963010091, 12.557395379658994, 12.587229466566232, 12.621792971036216, 12.661099245233839, 12.705163116860485, 12.754000741432508, 12.807629435224403, 12.866067487582537, 12.929333951042254, 12.997448407371182, 13.070430707440948, 13.14830068275259, 13.23107782648485, 13.318780942193609, 13.41142775878386, 13.50903451113022, 13.611615486760561, 13.719182540331088, 13.83174457919404, 13.949307025143195, 14.071871259342496, 14.199434059409677, 14.331987039514415, 14.469516106028507, 14.61200094259957, 14.759414539363283, 14.911722781253657, 15.068884109926568, 15.23084927262745, 15.39756116942051, 15.568954807612858, 15.744957369062345, 15.925488392517865, 16.11046006939881, 16.29977764769037]",16.33519602969172,2,200,2,0.00625
Square,3,3,0.5,open,open,finite,"[0.0, 0.0125, 0.025, 0.037500000000000006, 0.05, 0.0625, 0.075, 0.0875, 0.09999999999999999, 0.11249999999999999, 0.12499999999999999, 0.13749999999999998, 0.15, 0.1625, 0.17500000000000002, 0.18750000000000003, 0.20000000000000004, 0.21250000000000005, 0.22500000000000006, 0.23750000000000007, 0.25000000000000006, 0.26250000000000007, 0.2750000000000001, 0.2875000000000001, 0.3000000000000001, 0.3125000000000001, 0.3250000000000001, 0.33750000000000013, 0.35000000000000014, 0.36250000000000016, 0.37500000000000017, 0.3875000000000002, 0.4000000000000002, 0.4125000000000002, 0.4250000000000002, 0.4375000000000002, 0.45000000000000023, 0.46250000000000024, 0.47500000000000026, 0.48750000000000027, 0.5000000000000002]","[4, 4, 4, 4, 4, 4, 4, 4, 4, 4, 4, 4, 4, 4, 4, 4, 4, 4, 4, 4, 4, 4, 4, 4, 4, 4, 4, 4, 4, 4, 4, 4, 4, 4, 4, 4, 4, 4, 4, 4]","[6.238324625039508, 6.239261956483093, 6.242072501790859, 6.24675215172531, 6.253294108466648, 6.261688936703168, 6.271924633757216, 6.2839867175472355, 6.297858330909756, 6.313520360571554, 6.330951568877587, 6.350128736247019, 6.371026812249871, 6.393619073168709, 6.417877283931538, 6.443771862368456, 6.4712720438509495, 6.500346044511927, 6.530961221410063, 6.56308422818663, 6.596681164959603, 6.631717721401999, 6.668159312153138, 6.70597120390788, 6.745118633715032, 6.785566918189468, 6.827281553499723, 6.87022830613297, 6.914373294560984, 6.959683062034007, 7.006124640814734, 7.05366560823253, 7.102274134989941, 7.151919026190662, 7.202569755582239, 7.2541964935193795, 7.306770129156397, 7.360262287371852, 7.414645340916175, 7.469892418255468, 7.5259774075630155]",7.586344313838673,0,4,0,0.00625
Square,3,3,0.5,open,open,finite,"[0.0, 0.0125, 0.025, 0.037500000000000006, 0.05, 0.0625, 0.075, 0.0875, 0.09999999999999999, 0.11249999999999999, 0.12499999999999999, 0.13749999999999998, 0.15, 0.1625, 0.17500000000000002, 0.18750000000000003, 0.20000000000000004, 0.21250000000000005, 0.22500000000000006, 0.23750000000000007, 0.25000000000000006, 0.26250000000000007, 0.2750000000000001, 0.2875000000000001, 0.3000000000000001, 0.3125000000000001, 0.3250000000000001, 0.33750000000000013, 0.35000000000000014, 0.36250000000000016, 0.37500000000000017, 0.3875000000000002, 0.4000000000000002, 0.4125000000000002, 0.4250000000000002, 0.4375000000000002, 0.45000000000000023, 0.46250000000000024, 0.47500000000000026, 0.48750000000000027, 0.5000000000000002]","[8, 9, 9, 9, 9, 9, 9, 9, 9, 10, 10, 10, 10, 10, 10, 11, 11, 11, 11, 11, 11, 11, 11, 11, 11, 11, 11, 11, 11, 11, 11, 11, 11, 11, 11, 11, 11, 11, 11, 11]","[6.238324625039508, 6.239261973255909, 6.242073040733039, 6.246755197242769, 6.25330407223956, 6.261713574743574, 6.271975920890707, 6.284081668868633, 6.298019760886551, 6.31377757176089, 6.331340963640751, 6.350694346346991, 6.3718207427566895, 6.394701858632716, 6.419318156274529, 6.445648931352445, 6.47367239228118, 6.503365741485195, 6.534705257956319, 6.5676663804770055, 6.602223790921786, 6.63835149709279, 6.6760229145756, 6.715210947142432, 6.755888065273001, 6.79802638240913, 6.841597728605861, 6.8865737212888884, 6.932925832874884, 6.980625455056877, 7.0296439596008495, 7.079952755541488, 7.131523342704419, 7.184327361518669, 7.238336639116439, 7.293523231747616, 7.349859463563178, 7.407317961845454, 7.46587168878352, 7.525493969909243, 7.586158519323878]",7.586344313838673,0,16,0,0.00625
Square,3,3,0.5,open,open,finite,"[0.0, 0.0125, 0.025, 0.037500000000000006, 0.05, 0.0625, 0.075, 0.0875, 0.09999999999999999, 0.11249999999999999, 0.12499999999999999, 0.13749999999999998, 0.15, 0.1625, 0.17500000000000002, 0.18750000000000003, 0.20000000000000004, 0.21250000000000005, 0.22500000000000006, 0.23750000000000007, 0.25000000000000006, 0.26250000000000007, 0.2750000000000001, 0.2875000000000001, 0.3000000000000001, 0.3125000000000001, 0.3250000000000001, 0.33750000000000013, 0.35000000000000014, 0.36250000000000016, 0.37500000000000017, 0.3875000000000002, 0.4000000000000002, 0.4125000000000002, 0.4250000000000002, 0.4375000000000002, 0.45000000000000023, 0.46250000000000024, 0.47500000000000026, 0.48750000000000027, 0.5000000000000002]","[8, 9, 9, 9, 9, 9, 9, 9, 9, 10, 10, 10, 10, 10, 10, 11, 11, 11, 11, 11, 11, 11, 11, 11, 11, 11, 11, 11, 11, 11, 11, 11, 11, 11, 11, 11, 11, 11, 11, 11]","[6.238324625039508, 6.239261973255909, 6.242073040733039, 6.246755197242769, 6.25330407223956, 6.261713574743574, 6.271975920890707, 6.284081668868633, 6.298019760886551, 6.31377757176089, 6.331340963640751, 6.350694346346991, 6.3718207427566895, 6.394701858632716, 6.419318156274529, 6.445648931352445, 6.47367239228118, 6.503365741485195, 6.534705257956319, 6.5676663804770055, 6.602223790921786, 6.63835149709279, 6.6760229145756, 6.715210947142432, 6.755888065273001, 6.79802638240913, 6.841597728605861, 6.8865737212888884, 6.932925832874884, 6.980625455056877, 7.0296439596008495, 7.079952755541488, 7.131523342704419, 7.184327361518669, 7.238336639116439, 7.293523231747616, 7.349859463563178, 7.407317961845454, 7.46587168878352, 7.525493969909243, 7.586158519323878]",7.586344313838673,0,64,0,0.00625
Square,3,3,0.5,open,open,finite,"[0.0, 0.0125, 0.025, 0.037500000000000006, 0.05, 0.0625, 0.075, 0.0875, 0.09999999999999999, 0.11249999999999999, 0.12499999999999999, 0.13749999999999998, 0.15, 0.1625, 0.17500000000000002, 0.18750000000000003, 0.20000000000000004, 0.21250000000000005, 0.22500000000000006, 0.23750000000000007, 0.25000000000000006, 0.26250000000000007, 0.2750000000000001, 0.2875000000000001, 0.3000000000000001, 0.3125000000000001, 0.3250000000000001, 0.33750000000000013, 0.35000000000000014, 0.36250000000000016, 0.37500000000000017, 0.3875000000000002, 0.4000000000000002, 0.4125000000000002, 0.4250000000000002, 0.4375000000000002, 0.45000000000000023, 0.46250000000000024, 0.47500000000000026, 0.48750000000000027, 0.5000000000000002]","[8, 9, 9, 9, 9, 9, 9, 9, 9, 10, 10, 10, 10, 10, 10, 11, 11, 11, 11, 11, 11, 11, 11, 11, 11, 11, 11, 11, 11, 11, 11, 11, 11, 11, 11, 11, 11, 11, 11, 11]","[6.238324625039508, 6.239261973255909, 6.242073040733039, 6.246755197242769, 6.25330407223956, 6.261713574743574, 6.271975920890707, 6.284081668868633, 6.298019760886551, 6.31377757176089, 6.331340963640751, 6.350694346346991, 6.3718207427566895, 6.394701858632716, 6.419318156274529, 6.445648931352445, 6.47367239228118, 6.503365741485195, 6.534705257956319, 6.5676663804770055, 6.602223790921786, 6.63835149709279, 6.6760229145756, 6.715210947142432, 6.755888065273001, 6.79802638240913, 6.841597728605861, 6.8865737212888884, 6.932925832874884, 6.980625455056877, 7.0296439596008495, 7.079952755541488, 7.131523342704419, 7.184327361518669, 7.238336639116439, 7.293523231747616, 7.349859463563178, 7.407317961845454, 7.46587168878352, 7.525493969909243, 7.586158519323878]",7.586344313838673,0,200,0,0.00625
Square,3,3,0.5,open,open,finite,"[0.0, 0.0125, 0.025, 0.037500000000000006, 0.05, 0.0625, 0.075, 0.0875, 0.09999999999999999, 0.11249999999999999, 0.12499999999999999, 0.13749999999999998, 0.15, 0.1625, 0.17500000000000002, 0.18750000000000003, 0.20000000000000004, 0.21250000000000005, 0.22500000000000006, 0.23750000000000007, 0.25000000000000006, 0.26250000000000007, 0.2750000000000001, 0.2875000000000001, 0.3000000000000001, 0.3125000000000001, 0.3250000000000001, 0.33750000000000013, 0.35000000000000014, 0.36250000000000016, 0.37500000000000017, 0.3875000000000002, 0.4000000000000002, 0.4125000000000002, 0.4250000000000002, 0.4375000000000002, 0.45000000000000023, 0.46250000000000024, 0.47500000000000026, 0.48750000000000027, 0.5000000000000002]","[4, 4, 4, 4, 4, 4, 4, 4, 4, 4, 4, 4, 4, 4, 4, 4, 4, 4, 4, 4, 4, 4, 4, 4, 4, 4, 4, 4, 4, 4, 4, 4, 4, 4, 4, 4, 4, 4, 4, 4]","[6.238324625039508, 6.239261956486073, 6.242072501983128, 6.246752153877184, 6.253294120411968, 6.261688981837266, 6.271924767337217, 6.283987051359571, 6.297859067603606, 6.313521838654492, 6.330954319042182, 6.350133549357786, 6.371034818979855, 6.393631834946457, 6.417896894551987, 6.4438010593442945, 6.471314328341296, 6.50040580846734, 6.531043880420459, 6.5631963584121875, 6.596830642463892, 6.631913862189099, 6.668413011233117, 6.7062950717731535, 6.74552712869918, 6.7860764732943855, 6.827910696411187, 6.870997771293524, 6.9153061263271605, 6.960804708107915, 7.0074630353033935, 7.055251243848741, 7.104140124062614, 7.154101150298134, 7.205106503757192, 7.257129089097068, 7.310142545448468, 7.364121252445081, 7.419040331839408, 7.4748756452487255, 7.531603788540802]",7.586344313838673,1,4,1,0.00625
Square,3,3,0.5,open,open,finite,"[0.0, 0.0125, 0.025, 0.037500000000000006, 0.05, 0.0625, 0.075, 0.0875, 0.09999999999999999, 0.11249999999999999, 0.12499999999999999, 0.13749999999999998, 0.15, 0.1625, 0.17500000000000002, 0.18750000000000003, 0.20000000000000004, 0.21250000000000005, 0.22500000000000006, 0.23750000000000007, 0.25000000000000006, 0.26250000000000007, 0.2750000000000001, 0.2875000000000001, 0.3000000000000001, 0.3125000000000001, 0.3250000000000001, 0.33750000000000013, 0.35000000000000014, 0.36250000000000016, 0.37500000000000017, 0.3875000000000002, 0.4000000000000002, 0.4125000000000002, 0.4250000000000002, 0.4375000000000002, 0.45000000000000023, 0.46250000000000024, 0.47500000000000026, 0.48750000000000027, 0.5000000000000002]","[8, 9, 9, 9, 9, 9, 9, 9, 9, 10, 10, 10, 10, 10, 10, 11, 11, 11, 11, 11, 11, 11, 11, 11, 11, 11, 11, 11, 11, 11, 11, 11, 11, 11, 11, 11, 11, 11, 11, 11]","[6.238324625039508, 6.239261973258649, 6.242073040816269, 6.246755197745545, 6.2533040739627825, 6.26171357914449, 6.271975930269065, 6.284081686542416, 6.298019791355444, 6.313777620855698, 6.331341038657363, 6.350694456163228, 6.3718208979315785, 6.394702071487568, 6.419318440955409, 6.4456493038738465, 6.4736728705512, 6.503366345312596, 6.5347060090400415, 6.567667302378815, 6.602224909023252, 6.638352838537683, 6.676024508199014, 6.715212823387963, 6.755890256099442, 6.798028921188126, 6.841600650011975, 6.886577061183559, 6.932929628185662, 6.980629743653361, 7.029648780168553, 7.079958147454913, 7.131529345900476, 7.184334016371418, 7.23834398631415, 7.293531312172927, 7.349868318177159, 7.407327631576142, 7.465882214419438, 7.525505391998394, 7.586170878078514]",7.586344313838673,1,16,1,0.00625
Square,3,3,0.5,open,open,finite,"[0.0, 0.0125, 0.025, 0.037500000000000006, 0.05, 0.0625, 0.075, 0.0875, 0.09999999999999999, 0.11249999999999999, 0.12499999999999999, 0.13749999999999998, 0.15, 0.1625, 0.17500000000000002, 0.18750000000000003, 0.20000000000000004, 0.21250000000000005, 0.22500000000000006, 0.23750000000000007, 0.25000000000000006, 0.26250000000000007, 0.2750000000000001, 0.2875000000000001, 0.3000000000000001, 0.3125000000000001, 0.3250000000000001, 0.33750000000000013, 0.35000000000000014, 0.36250000000000016, 0.37500000000000017, 0.3875000000000002, 0.4000000000000002, 0.4125000000000002, 0.4250000000000002, 0.4375000000000002, 0.45000000000000023, 0.46250000000000024, 0.47500000000000026, 0.48750000000000027, 0.5000000000000002]","[8, 9, 9, 9, 9, 9, 9, 9, 9, 10, 10, 10, 10, 10, 10, 11, 11, 11, 11, 11, 11, 11, 11, 11, 11, 11, 11, 11, 11, 11, 11, 11, 11, 11, 11, 11, 11, 11, 11, 11]","[6.238324625039508, 6.239261973258649, 6.242073040816269, 6.246755197745545, 6.2533040739627825, 6.26171357914449, 6.271975930269065, 6.284081686542416, 6.298019791355444, 6.313777620855698, 6.331341038657363, 6.350694456163228, 6.3718208979315785, 6.394702071487568, 6.419318440955409, 6.4456493038738465, 6.4736728705512, 6.503366345312596, 6.5347060090400415, 6.567667302378815, 6.602224909023252, 6.638352838537683, 6.676024508199014, 6.715212823387963, 6.755890256099442, 6.798028921188126, 6.841600650011975, 6.886577061183559, 6.932929628185662, 6.980629743653361, 7.029648780168553, 7.079958147454913, 7.131529345900476, 7.184334016371418, 7.23834398631415, 7.293531312172927, 7.349868318177159, 7.407327631576142, 7.465882214419438, 7.525505391998394, 7.586170878078514]",7.586344313838673,1,64,1,0.00625
Square,3,3,0.5,open,open,finite,"[0.0, 0.0125, 0.025, 0.037500000000000006, 0.05, 0.0625, 0.075, 0.0875, 0.09999999999999999, 0.11249999999999999, 0.12499999999999999, 0.13749999999999998, 0.15, 0.1625, 0.17500000000000002, 0.18750000000000003, 0.20000000000000004, 0.21250000000000005, 0.22500000000000006, 0.23750000000000007, 0.25000000000000006, 0.26250000000000007, 0.2750000000000001, 0.2875000000000001, 0.3000000000000001, 0.3125000000000001, 0.3250000000000001, 0.33750000000000013, 0.35000000000000014, 0.36250000000000016, 0.37500000000000017, 0.3875000000000002, 0.4000000000000002, 0.4125000000000002, 0.4250000000000002, 0.4375000000000002, 0.45000000000000023, 0.46250000000000024, 0.47500000000000026, 0.48750000000000027, 0.5000000000000002]","[8, 9, 9, 9, 9, 9, 9, 9, 9, 10, 10, 10, 10, 10, 10, 11, 11, 11, 11, 11, 11, 11, 11, 11, 11, 11, 11, 11, 11, 11, 11, 11, 11, 11, 11, 11, 11, 11, 11, 11]","[6.238324625039508, 6.239261973258649, 6.242073040816269, 6.246755197745545, 6.2533040739627825, 6.26171357914449, 6.271975930269065, 6.284081686542416, 6.298019791355444, 6.313777620855698, 6.331341038657363, 6.350694456163228, 6.3718208979315785, 6.394702071487568, 6.419318440955409, 6.4456493038738465, 6.4736728705512, 6.503366345312596, 6.5347060090400415, 6.567667302378815, 6.602224909023252, 6.638352838537683, 6.676024508199014, 6.715212823387963, 6.755890256099442, 6.798028921188126, 6.841600650011975, 6.886577061183559, 6.932929628185662, 6.980629743653361, 7.029648780168553, 7.079958147454913, 7.131529345900476, 7.184334016371418, 7.23834398631415, 7.293531312172927, 7.349868318177159, 7.407327631576142, 7.465882214419438, 7.525505391998394, 7.586170878078514]",7.586344313838673,1,200,1,0.00625
Square,3,3,0.5,open,open,finite,"[0.0, 0.0125, 0.025, 0.037500000000000006, 0.05, 0.0625, 0.075, 0.0875, 0.09999999999999999, 0.11249999999999999, 0.12499999999999999, 0.13749999999999998, 0.15, 0.1625, 0.17500000000000002, 0.18750000000000003, 0.20000000000000004, 0.21250000000000005, 0.22500000000000006, 0.23750000000000007, 0.25000000000000006, 0.26250000000000007, 0.2750000000000001, 0.2875000000000001, 0.3000000000000001, 0.3125000000000001, 0.3250000000000001, 0.33750000000000013, 0.35000000000000014, 0.36250000000000016, 0.37500000000000017, 0.3875000000000002, 0.4000000000000002, 0.4125000000000002, 0.4250000000000002, 0.4375000000000002, 0.45000000000000023, 0.46250000000000024, 0.47500000000000026, 0.48750000000000027, 0.5000000000000002]","[4, 4, 4, 4, 4, 4, 4, 4, 4, 4, 4, 4, 4, 4, 4, 4, 4, 4, 4, 4, 4, 4, 4, 4, 4, 4, 4, 4, 4, 4, 4, 4, 4, 4, 4, 4, 4, 4, 4, 4]","[6.238324625039508, 6.239262035788409, 6.242073915637533, 6.246759410408275, 6.25331708082499, 6.261744903461273, 6.272040271911185, 6.284199998126341, 6.29822031384928, 6.3140968720671005, 6.331824748407034, 6.3513984423978735, 6.372811878528183, 6.396058407043727, 6.421130804442174, 6.448021273642646, 6.476721443830099, 6.507222369999071, 6.539514532247396, 6.57358783489664, 6.6094316055413875, 6.647034594153361, 6.686384972387227, 6.727470333252422, 6.770277691328363, 6.814793483708634, 6.861003571862576, 6.9088932445999935, 6.958447222316661, 7.009649662684462, 7.062484167931757, 7.116933793836342, 7.172981060526797, 7.230607965158267, 7.2897959964971015, 7.350526151415974, 7.412778953268273, 7.476534472078493, 7.5417723464550015, 7.60847180710385, 7.676611701797596]",7.761250871079126,2,4,2,0.00625
Square,3,3,0.5,open,open,finite,"[0.0, 0.0125, 0.025, 0.037500000000000006, 0.05, 0.0625, 0.075, 0.0875, 0.09999999999999999, 0.11249999999999999, 0.12499999999999999, 0.13749999999999998, 0.15, 0.1625, 0.17500000000000002, 0.18750000000000003, 0.20000000000000004, 0.21250000000000005, 0.22500000000000006, 0.23750000000000007, 0.25000000000000006, 0.26250000000000007, 0.2750000000000001, 0.2875000000000001, 0.3000000000000001, 0.3125000000000001, 0.3250000000000001, 0.33750000000000013, 0.35000000000000014, 0.36250000000000016, 0.37500000000000017, 0.3875000000000002, 0.4000000000000002, 0.4125000000000002, 0.4250000000000002, 0.4375000000000002, 0.45000000000000023, 0.46250000000000024, 0.47500000000000026, 0.48750000000000027, 0.5000000000000002]","[8, 9, 9, 9, 9, 9, 9, 9, 9, 10, 10, 10, 10, 10, 10, 11, 11, 11, 11, 11, 11, 11, 11, 11, 11, 11, 11, 11, 11, 11, 11, 11, 11, 11, 11, 11, 11, 11, 11, 11]","[6.238324625039508, 6.239262052561931, 6.242074515898084, 6.2467628876373125, 6.253328610673428, 6.261773681546406, 6.272100626910503, 6.284312472935125, 6.298412707412021, 6.314405234325902, 6.332294320647816, 6.352084535134319, 6.373780678964233, 6.397387708114886, 6.422910647476279, 6.450354496822769, 6.479724128903926, 6.511024180073816, 6.5442589340906645, 6.579432199870525, 6.6165471841906935, 6.655606360549043, 6.696611335573852, 6.739562714558723, 6.784459967855043, 6.831301299983057, 6.880083523414538, 6.93080193902911, 6.983450225247327, 7.0380203377931485, 7.09450242193486, 7.152884738897043, 7.213153607929483, 7.275293365266621, 7.339286340920036, 7.405112853924805, 7.472751226318419, 7.542177815779087, 7.613367066499749, 7.68629157753648, 7.760922187555182]",7.761250871079126,2,16,2,0.00625
Square,3,3,0.5,open,open,finite,"[0.0, 0.0125, 0.025, 0.037500000000000006, 0.05, 0.0625, 0.075, 0.0875, 0.09999999999999999, 0.11249999999999999, 0.12499999999999999, 0.13749999999999998, 0.15, 0.1625, 0.17500000000000002, 0.18750000000000003, 0.20000000000000004, 0.21250000000000005, 0.22500000000000006, 0.23750000000000007, 0.25000000000000006, 0.26250000000000007, 0.2750000000000001, 0.2875000000000001, 0.3000000000000001, 0.3125000000000001, 0.3250000000000001, 0.33750000000000013, 0.35000000000000014, 0.36250000000000016, 0.37500000000000017, 0.3875000000000002, 0.4000000000000002, 0.4125000000000002, 0.4250000000000002, 0.4375000000000002, 0.45000000000000023, 0.46250000000000024, 0.47500000000000026, 0.48750000000000027, 0.5000000000000002]","[8, 9, 9, 9, 9, 9, 9, 9, 9, 10, 10, 10, 10, 10, 10, 11, 11, 11, 11, 11, 11, 11, 11, 11, 11, 11, 11, 11, 11, 11, 11, 11, 11, 11, 11, 11, 11, 11, 11, 11]","[6.238324625039508, 6.239262052561931, 6.242074515898084, 6.2467628876373125, 6.253328610673428, 6.261773681546406, 6.272100626910503, 6.284312472935125, 6.298412707412021, 6.314405234325902, 6.332294320647816, 6.352084535134319, 6.373780678964233, 6.397387708114886, 6.422910647476279, 6.450354496822769, 6.479724128903926, 6.511024180073816, 6.5442589340906645, 6.579432199870525, 6.6165471841906935, 6.655606360549043, 6.696611335573852, 6.739562714558723, 6.784459967855043, 6.831301299983057, 6.880083523414538, 6.93080193902911, 6.983450225247327, 7.0380203377931485, 7.09450242193486, 7.152884738897043, 7.213153607929483, 7.275293365266621, 7.339286340920036, 7.405112853924805, 7.472751226318419, 7.542177815779087, 7.613367066499749, 7.68629157753648, 7.760922187555182]",7.761250871079126,2,64,2,0.00625
Square,3,3,0.5,open,open,finite,"[0.0, 0.0125, 0.025, 0.037500000000000006, 0.05, 0.0625, 0.075, 0.0875, 0.09999999999999999, 0.11249999999999999, 0.12499999999999999, 0.13749999999999998, 0.15, 0.1625, 0.17500000000000002, 0.18750000000000003, 0.20000000000000004, 0.21250000000000005, 0.22500000000000006, 0.23750000000000007, 0.25000000000000006, 0.26250000000000007, 0.2750000000000001, 0.2875000000000001, 0.3000000000000001, 0.3125000000000001, 0.3250000000000001, 0.33750000000000013, 0.35000000000000014, 0.36250000000000016, 0.37500000000000017, 0.3875000000000002, 0.4000000000000002, 0.4125000000000002, 0.4250000000000002, 0.4375000000000002, 0.45000000000000023, 0.46250000000000024, 0.47500000000000026, 0.48750000000000027, 0.5000000000000002]","[8, 9, 9, 9, 9, 9, 9, 9, 9, 10, 10, 10, 10, 10, 10, 11, 11, 11, 11, 11, 11, 11, 11, 11, 11, 11, 11, 11, 11, 11, 11, 11, 11, 11, 11, 11, 11, 11, 11, 11]","[6.238324625039508, 6.239262052561931, 6.242074515898084, 6.2467628876373125, 6.253328610673428, 6.261773681546406, 6.272100626910503, 6.284312472935125, 6.298412707412021, 6.314405234325902, 6.332294320647816, 6.352084535134319, 6.373780678964233, 6.397387708114886, 6.422910647476279, 6.450354496822769, 6.479724128903926, 6.511024180073816, 6.5442589340906645, 6.579432199870525, 6.6165471841906935, 6.655606360549043, 6.696611335573852, 6.739562714558723, 6.784459967855043, 6.831301299983057, 6.880083523414538, 6.93080193902911, 6.983450225247327, 7.0380203377931485, 7.09450242193486, 7.152884738897043, 7.213153607929483, 7.275293365266621, 7.339286340920036, 7.405112853924805, 7.472751226318419, 7.542177815779087, 7.613367066499749, 7.68629157753648, 7.760922187555182]",7.761250871079126,2,200,2,0.00625
Square,3,3,0.5,periodic,periodic,finite,"[0.0, 0.0125, 0.025, 0.037500000000000006, 0.05, 0.0625, 0.075, 0.0875, 0.09999999999999999, 0.11249999999999999, 0.12499999999999999, 0.13749999999999998, 0.15, 0.1625, 0.17500000000000002, 0.18750000000000003, 0.20000000000000004, 0.21250000000000005, 0.22500000000000006, 0.23750000000000007, 0.25000000000000006, 0.26250000000000007, 0.2750000000000001, 0.2875000000000001, 0.3000000000000001, 0.3125000000000001, 0.3250000000000001, 0.33750000000000013, 0.35000000000000014, 0.36250000000000016, 0.37500000000000017, 0.3875000000000002, 0.4000000000000002, 0.4125000000000002, 0.4250000000000002, 0.4375000000000002, 0.45000000000000023, 0.46250000000000024, 0.47500000000000026, 0.48750000000000027, 0.5000000000000002]","[4, 4, 4, 4, 4, 4, 4, 4, 4, 4, 4, 4, 4, 4, 4, 4, 4, 4, 4, 4, 4, 4, 4, 4, 4, 4, 4, 4, 4, 4, 4, 4, 4, 4, 4, 4, 4, 4, 4, 4]","[6.238324625039508, 6.2397096051192, 6.243916739079291, 6.251012741837158, 6.261056397790286, 6.27409812357626, 6.290179221328454, 6.309331253223276, 6.331575561397416, 6.356922950995425, 6.3853735480800955, 6.416916837620261, 6.451531879999235, 6.4891876978446685, 6.5298438188712025, 6.573450955215134, 6.619951795710369, 6.669281884886339, 6.721370561226169, 6.776141927358981, 6.833515826230367, 6.893408799683577, 6.955735009030144, 7.020407100816643, 7.0873370048375905, 7.156436655266183, 7.227618629380168, 7.30079670160536, 7.37588631338889, 7.452804961700159, 7.531472510730753, 7.611811432647249, 7.693746984087193, 7.777207325536696, 7.86212359085312, 7.948429914063567, 8.036063420242527, 8.12496418680653, 8.215075181008709, 8.306342178813315, 8.398713669711048]",8.578069429492809,0,4,0,0.00625
Square,3,3,0.5,periodic,periodic,finite,"[0.0, 0.0125, 0.025, 0.037500000000000006, 0.05, 0.0625, 0.075, 0.0875, 0.09999999999999999, 0.11249999999999999, 0.12499999999999999, 0.13749999999999998, 0.15, 0.1625, 0.17500000000000002, 0.18750000000000003, 0.20000000000000004, 0.21250000000000005, 0.22500000000000006, 0.23750000000000007, 0.25000000000000006, 0.26250000000000007, 0.2750000000000001, 0.2875000000000001, 0.3000000000000001, 0.3125000000000001, 0.3250000000000001, 0.33750000000000013, 0.35000000000000014, 0.36250000000000016, 0.37500000000000017, 0.3875000000000002, 0.4000000000000002, 0.4125000000000002, 0.4250000000000002, 0.4375000000000002, 0.45000000000000023, 0.46250000000000024, 0.47500000000000026, 0.48750000000000027, 0.5000000000000002]","[14, 16, 16, 16, 16, 16, 16, 16, 16, 16, 16, 16, 16, 16, 16, 16, 16, 16, 16, 16, 16, 16, 16, 16, 16, 16, 16, 16, 16, 16, 16, 16, 16, 16, 16, 16, 16, 16, 16, 16]","[6.238324625039508, 6.239740725850465, 6.244036970568345, 6.25127880240439, 6.261527639383324, 6.274840152722815, 6.291267542964182, 6.31085483042929, 6.333640177969674, 6.359654264705811, 6.388919729403456, 6.421450701220102, 6.457252433752062, 6.496321055660005, 6.538643447752104, 6.58419725242423, 6.632951017011403, 6.684864468141298, 6.739888909857079, 6.797967734340474, 6.859037030730018, 6.923026274957207, 6.989859081816653, 7.0594539996807795, 7.131725328336831, 7.206583941280854, 7.283938095324103, 7.36369421239916, 7.445757620830596, 7.530033245896504, 7.616426242103382, 7.704842562101837, 7.795189459484342, 7.8873759247586435, 7.981313055537711, 8.07691436341084, 8.17409602106282, 8.272777054006495, 8.372879481817392, 8.474328414043391, 8.577052106045759]",8.578069429492809,0,16,0,0.00625
Square,3,3,0.5,periodic,periodic,finite,"[0.0, 0.0125, 0.025, 0.037500000000000006, 0.05, 0.0625, 0.075, 0.0875, 0.09999999999999999, 0.11249999999999999, 0.12499999999999999, 0.13749999999999998, 0.15, 0.1625, 0.17500000000000002, 0.18750000000000003, 0.20000000000000004, 0.21250000000000005, 0.22500000000000006, 0.23750000000000007, 0.25000000000000006, 0.26250000000000007, 0.2750000000000001, 0.2875000000000001, 0.3000000000000001, 0.3125000000000001, 0.3250000000000001, 0.33750000000000013, 0.35000000000000014, 0.36250000000000016, 0.37500000000000017, 0.3875000000000002, 0.4000000000000002, 0.4125000000000002, 0.4250000000000002, 0.4375000000000002, 0.45000000000000023, 0.46250000000000024, 0.47500000000000026, 0.48750000000000027, 0.5000000000000002]","[14, 16, 16, 16, 16, 16, 16, 16, 16, 16, 16, 16, 16, 16, 16, 16, 16, 16, 16, 16, 16, 16, 16, 16, 16, 16, 16, 16, 16, 16, 16, 16, 16, 16, 16, 16, 16, 16, 16, 16]","[6.238324625039508, 6.239740725850465, 6.244036970568345, 6.25127880240439, 6.261527639383324, 6.274840152722815, 6.291267542964182, 6.31085483042929, 6.333640177969674, 6.359654264705811, 6.388919729403456, 6.421450701220102, 6.457252433752062, 6.496321055660005, 6.538643447752104, 6.58419725242423, 6.632951017011403, 6.684864468141298, 6.739888909857079, 6.797967734340474, 6.859037030730018, 6.923026274957207, 6.989859081816653, 7.0594539996807795, 7.131725328336831, 7.206583941280854, 7.283938095324103, 7.36369421239916, 7.445757620830596, 7.530033245896504, 7.616426242103382, 7.704842562101837, 7.795189459484342, 7.8873759247586435, 7.981313055537711, 8.07691436341084, 8.17409602106282, 8.272777054006495, 8.372879481817392, 8.474328414043391, 8.577052106045759]",8.578069429492809,0,64,0,0.00625
Square,3,3,0.5,periodic,periodic,finite,"[0.0, 0.0125, 0.025, 0.037500000000000006, 0.05, 0.0625, 0.075, 0.0875, 0.09999999999999999, 0.11249999999999999, 0.12499999999999999, 0.13749999999999998, 0.15, 0.1625, 0.17500000000000002, 0.18750000000000003, 0.20000000000000004, 0.21250000000000005, 0.22500000000000006, 0.23750000000000007, 0.25000000000000006, 0.26250000000000007, 0.2750000000000001, 0.2875000000000001, 0.3000000000000001, 0.3125000000000001, 0.3250000000000001, 0.33750000000000013, 0.35000000000000014, 0.36250000000000016, 0.37500000000000017, 0.3875000000000002, 0.4000000000000002, 0.4125000000000002, 0.4250000000000002, 0.4375000000000002, 0.45000000000000023, 0.46250000000000024, 0.47500000000000026, 0.48750000000000027, 0.5000000000000002]","[14, 16, 16, 16, 16, 16, 16, 16, 16, 16, 16, 16, 16, 16, 16, 16, 16, 16, 16, 16, 16, 16, 16, 16, 16, 16, 16, 16, 16, 16, 16, 16, 16, 16, 16, 16, 16, 16, 16, 16]","[6.238324625039508, 6.239740725850465, 6.244036970568345, 6.25127880240439, 6.261527639383324, 6.274840152722815, 6.291267542964182, 6.31085483042929, 6.333640177969674, 6.359654264705811, 6.388919729403456, 6.421450701220102, 6.457252433752062, 6.496321055660005, 6.538643447752104, 6.58419725242423, 6.632951017011403, 6.684864468141298, 6.739888909857079, 6.797967734340474, 6.859037030730018, 6.923026274957207, 6.989859081816653, 7.0594539996807795, 7.131725328336831, 7.206583941280854, 7.283938095324103, 7.36369421239916, 7.445757620830596, 7.530033245896504, 7.616426242103382, 7.704842562101837, 7.795189459484342, 7.8873759247586435, 7.981313055537711, 8.07691436341084, 8.17409602106282, 8.272777054006495, 8.372879481817392, 8.474328414043391, 8.577052106045759]",8.578069429492809,0,200,0,0.00625
Square,3,3,0.5,periodic,periodic,finite,"[0.0, 0.0125, 0.025, 0.037500000000000006, 0.05, 0.0625, 0.075, 0.0875, 0.09999999999999999, 0.11249999999999999, 0.12499999999999999, 0.13749999999999998, 0.15, 0.1625, 0.17500000000000002, 0.18750000000000003, 0.20000000000000004, 0.21250000000000005, 0.22500000000000006, 0.23750000000000007, 0.25000000000000006, 0.26250000000000007, 0.2750000000000001, 0.2875000000000001, 0.3000000000000001, 0.3125000000000001, 0.3250000000000001, 0.33750000000000013, 0.35000000000000014, 0.36250000000000016, 0.37500000000000017, 0.3875000000000002, 0.4000000000000002, 0.4125000000000002, 0.4250000000000002, 0.4375000000000002, 0.45000000000000023, 0.46250000000000024, 0.47500000000000026, 0.48750000000000027, 0.5000000000000002]","[4, 4, 4, 4, 4, 4, 4, 4, 4, 4, 4, 4, 4, 4, 4, 4, 4, 4, 4, 4, 4, 4, 4, 4, 4, 4, 4, 4, 4, 4, 4, 4, 4, 4, 4, 4, 4, 4, 4, 4]","[6.238324625039508, 6.239694290033587, 6.243782712217037, 6.250554872547569, 6.259970970562324, 6.2719875320337115, 6.286558073162407, 6.303633744077749, 6.3231639440331024, 6.345096898851257, 6.369380192627946, 6.395961247710094, 6.424787749048356, 6.45580801099545, 6.4889712863873115, 6.52422801925324, 6.561530043732411, 6.60083073272679, 6.642085100508164, 6.685249863944126, 6.730283467244088, 6.777146075184751, 6.825799539688506, 6.876207344429389, 6.9283345318586855, 6.982147616702091, 7.037614489603375, 7.094704314195115, 7.153387420478337, 7.213635197002213, 7.275419983959907, 7.33871496896335, 7.403494086932384, 7.469731925234163, 7.537403634938696, 7.606484848815281, 7.676951606482542, 7.748780286940238, 7.821947548552503, 7.896430276418589, 7.972205536955754]",8.112263644413515,1,4,1,0.00625
Square,3,3,0.5,periodic,periodic,finite,"[0.0, 0.0125, 0.025, 0.037500000000000006, 0.05, 0.0625, 0.075, 0.0875, 0.09999999999999999, 0.11249999999999999, 0.12499999999999999, 0.13749999999999998, 0.15, 0.1625, 0.17500000000000002, 0.18750000000000003, 0.20000000000000004, 0.21250000000000005, 0.22500000000000006, 0.23750000000000007, 0.25000000000000006, 0.26250000000000007, 0.2750000000000001, 0.2875000000000001, 0.3000000000000001, 0.3125000000000001, 0.3250000000000001, 0.33750000000000013, 0.35000000000000014, 0.36250000000000016, 0.37500000000000017, 0.3875000000000002, 0.4000000000000002, 0.4125000000000002, 0.4250000000000002, 0.4375000000000002, 0.45000000000000023, 0.46250000000000024, 0.47500000000000026, 0.48750000000000027, 0.5000000000000002]","[14, 16, 16, 16, 16, 16, 16, 16, 16, 16, 16, 16, 16, 16, 16, 16, 16, 16, 16, 16, 16, 16, 16, 16, 16, 16, 16, 16, 16, 16, 16, 16, 16, 16, 16, 16, 16, 16, 16, 16]","[6.238324625039508, 6.2397270682727175, 6.243916208890258, 6.250864972189954, 6.260544087147026, 6.272922306753604, 6.287966624690217, 6.305642486332705, 6.3259139923894105, 6.3487440937506, 6.374094776408329, 6.40192723556398, 6.432202038279592, 6.464879274244559, 6.499918694420982, 6.537279837498591, 6.57692214423472, 6.618805059877796, 6.662888124976231, 6.709131054960435, 6.757493808956339, 6.807936648346089, 6.860420185637763, 6.914905424242453, 6.971353789785631, 7.029727153601109, 7.089987849071397, 7.152098681488394, 7.216022932113418, 7.281724357115982, 7.34916718206653, 7.418316092649702, 7.48913622225126, 7.561593137054112, 7.635652819256196, 7.711281648996015, 7.788446385540173, 7.867114148251405, 7.947252397816002, 8.028828918166266, 8.11181179948738]",8.112263644413515,1,16,1,0.00625
Square,3,3,0.5,periodic,periodic,finite,"[0.0, 0.0125, 0.025, 0.037500000000000006, 0.05, 0.0625, 0.075, 0.0875, 0.09999999999999999, 0.11249999999999999, 0.12499999999999999, 0.13749999999999998, 0.15, 0.1625, 0.17500000000000002, 0.18750000000000003, 0.20000000000000004, 0.21250000000000005, 0.22500000000000006, 0.23750000000000007, 0.25000000000000006, 0.26250000000000007, 0.2750000000000001, 0.2875000000000001, 0.3000000000000001, 0.3125000000000001, 0.3250000000000001, 0.33750000000000013, 0.35000000000000014, 0.36250000000000016, 0.37500000000000017, 0.3875000000000002, 0.4000000000000002, 0.4125000000000002, 0.4250000000000002, 0.4375000000000002, 0.45000000000000023, 0.46250000000000024, 0.47500000000000026, 0.48750000000000027, 0.5000000000000002]","[14, 16, 16, 16, 16, 16, 16, 16, 16, 16, 16, 16, 16, 16, 16, 16, 16, 16, 16, 16, 16, 16, 16, 16, 16, 16, 16, 16, 16, 16, 16, 16, 16, 16, 16, 16, 16, 16, 16, 16]","[6.238324625039508, 6.2397270682727175, 6.243916208890258, 6.250864972189954, 6.260544087147026, 6.272922306753604, 6.287966624690217, 6.305642486332705, 6.3259139923894105, 6.3487440937506, 6.374094776408329, 6.40192723556398, 6.432202038279592, 6.464879274244559, 6.499918694420982, 6.537279837498591, 6.57692214423472, 6.618805059877796, 6.662888124976231, 6.709131054960435, 6.757493808956339, 6.807936648346089, 6.860420185637763, 6.914905424242453, 6.971353789785631, 7.029727153601109, 7.089987849071397, 7.152098681488394, 7.216022932113418, 7.281724357115982, 7.34916718206653, 7.418316092649702, 7.48913622225126, 7.561593137054112, 7.635652819256196, 7.711281648996015, 7.788446385540173, 7.867114148251405, 7.947252397816002, 8.028828918166266, 8.11181179948738]",8.112263644413515,1,64,1,0.00625
Square,3,3,0.5,periodic,periodic,finite,"[0.0, 0.0125, 0.025, 0.037500000000000006, 0.05, 0.0625, 0.075, 0.0875, 0.09999999999999999, 0.11249999999999999, 0.12499999999999999, 0.13749999999999998, 0.15, 0.1625, 0.17500000000000002, 0.18750000000000003, 0.20000000000000004, 0.21250000000000005, 0.22500000000000006, 0.23750000000000007, 0.25000000000000006, 0.26250000000000007, 0.2750000000000001, 0.2875000000000001, 0.3000000000000001, 0.3125000000000001, 0.3250000000000001, 0.33750000000000013, 0.35000000000000014, 0.36250000000000016, 0.37500000000000017, 0.3875000000000002, 0.4000000000000002, 0.4125000000000002, 0.4250000000000002, 0.4375000000000002, 0.45000000000000023, 0.46250000000000024, 0.47500000000000026, 0.48750000000000027, 0.5000000000000002]","[14, 16, 16, 16, 16, 16, 16, 16, 16, 16, 16, 16, 16, 16, 16, 16, 16, 16, 16, 16, 16, 16, 16, 16, 16, 16, 16, 16, 16, 16, 16, 16, 16, 16, 16, 16, 16, 16, 16, 16]","[6.238324625039508, 6.2397270682727175, 6.243916208890258, 6.250864972189954, 6.260544087147026, 6.272922306753604, 6.287966624690217, 6.305642486332705, 6.3259139923894105, 6.3487440937506, 6.374094776408329, 6.40192723556398, 6.432202038279592, 6.464879274244559, 6.499918694420982, 6.537279837498591, 6.57692214423472, 6.618805059877796, 6.662888124976231, 6.709131054960435, 6.757493808956339, 6.807936648346089, 6.860420185637763, 6.914905424242453, 6.971353789785631, 7.029727153601109, 7.089987849071397, 7.152098681488394, 7.216022932113418, 7.281724357115982, 7.34916718206653, 7.418316092649702, 7.48913622225126, 7.561593137054112, 7.635652819256196, 7.711281648996015, 7.788446385540173, 7.867114148251405, 7.947252397816002, 8.028828918166266, 8.11181179948738]",8.112263644413515,1,200,1,0.00625
Square,3,3,0.5,periodic,periodic,finite,"[0.0, 0.0125, 0.025, 0.037500000000000006, 0.05, 0.0625, 0.075, 0.0875, 0.09999999999999999, 0.11249999999999999, 0.12499999999999999, 0.13749999999999998, 0.15, 0.1625, 0.17500000000000002, 0.18750000000000003, 0.20000000000000004, 0.21250000000000005, 0.22500000000000006, 0.23750000000000007, 0.25000000000000006, 0.26250000000000007, 0.2750000000000001, 0.2875000000000001, 0.3000000000000001, 0.3125000000000001, 0.3250000000000001, 0.33750000000000013, 0.35000000000000014, 0.36250000000000016, 0.37500000000000017, 0.3875000000000002, 0.4000000000000002, 0.4125000000000002, 0.4250000000000002, 0.4375000000000002, 0.45000000000000023, 0.46250000000000024, 0.47500000000000026, 0.48750000000000027, 0.5000000000000002]","[4, 4, 4, 4, 4, 4, 4, 4, 4, 4, 4, 4, 4, 4, 4, 4, 4, 4, 4, 4, 4, 4, 4, 4, 4, 4, 4, 4, 4, 4, 4, 4, 4, 4, 4, 4, 4, 4, 4, 4]","[6.238324625039508, 6.239698915363758, 6.243822520726795, 6.250692023874094, 6.26029978085663, 6.2726340789497685, 6.287678975569853, 6.305414189681555, 6.325815052660357, 6.348852521445156, 6.37449325429714, 6.402699747401298, 6.433430528730249, 6.466640404027681, 6.5022807484889125, 6.540299836748776, 6.580643203150084, 6.623254023960262, 6.668073513214232, 6.715041324157335, 6.76409594880191, 6.815175108844126, 6.868216132061673, 6.923156309273288, 6.979933227938369, 7.038485079464486, 7.0987509382348675, 7.160671011238286, 7.224186857959718, 7.289241580858208, 7.355779987313808, 7.423748724367855, 7.493096387915485, 7.563773608244525, 7.635733113961663, 7.708929776416777, 7.7833206367423475, 7.858864917579061, 7.935524021472383, 8.013261517808646, 8.092043120022275]",8.304921664725713,2,4,2,0.00625
Square,3,3,0.5,periodic,periodic,finite,"[0.0, 0.0125, 0.025, 0.037500000000000006, 0.05, 0.0625, 0.075, 0.0875, 0.09999999999999999, 0.11249999999999999, 0.12499999999999999, 0.13749999999999998, 0.15, 0.1625, 0.17500000000000002, 0.18750000000000003, 0.20000000000000004, 0.21250000000000005, 0.22500000000000006, 0.23750000000000007, 0.25000000000000006, 0.26250000000000007, 0.2750000000000001, 0.2875000000000001, 0.3000000000000001, 0.3125000000000001, 0.3250000000000001, 0.33750000000000013, 0.35000000000000014, 0.36250000000000016, 0.37500000000000017, 0.3875000000000002, 0.4000000000000002, 0.4125000000000002, 0.4250000000000002, 0.4375000000000002, 0.45000000000000023, 0.46250000000000024, 0.47500000000000026, 0.48750000000000027, 0.5000000000000002]","[14, 16, 16, 16, 16, 16, 16, 16, 16, 16, 16, 16, 16, 16, 16, 16, 16, 16, 16, 16, 16, 16, 16, 16, 16, 16, 16, 16, 16, 16, 16, 16, 16, 16, 16, 16, 16, 16, 16, 16]","[6.238324625039508, 6.239730559073523, 6.243947789353163, 6.250975506725179, 6.260812006623594, 6.273454393012148, 6.28889829222923, 6.30713758310618, 6.32816414925863, 6.35196765885102, 6.37853537641605, 6.40785201048654, 6.439899599886935, 6.474657440559691, 6.512102053797097, 6.55220719574266, 6.594943907050371, 6.640280600677062, 6.688183184960747, 6.738615218431777, 6.791538092232197, 6.846911235595216, 6.904692339566193, 6.964837594028592, 7.0273019331251, 7.092039284322945, 7.159002816646315, 7.228145183967421, 7.299418759689572, 7.372775859648474, 7.448168950580238, 7.525550842037124, 7.604874860156521, 7.686095002191854, 7.769166071182907, 7.854043790570259, 7.940684898937662, 8.029047225394496, 8.119089746386884, 8.210772624951884, 8.304057233606459]",8.304921664725713,2,16,2,0.00625
Square,3,3,0.5,periodic,periodic,finite,"[0.0, 0.0125, 0.025, 0.037500000000000006, 0.05, 0.0625, 0.075, 0.0875, 0.09999999999999999, 0.11249999999999999, 0.12499999999999999, 0.13749999999999998, 0.15, 0.1625, 0.17500000000000002, 0.18750000000000003, 0.20000000000000004, 0.21250000000000005, 0.22500000000000006, 0.23750000000000007, 0.25000000000000006, 0.26250000000000007, 0.2750000000000001, 0.2875000000000001, 0.3000000000000001, 0.3125000000000001, 0.3250000000000001, 0.33750000000000013, 0.35000000000000014, 0.36250000000000016, 0.37500000000000017, 0.3875000000000002, 0.4000000000000002, 0.4125000000000002, 0.4250000000000002, 0.4375000000000002, 0.45000000000000023, 0.46250000000000024, 0.47500000000000026, 0.48750000000000027, 0.5000000000000002]","[14, 16, 16, 16, 16, 16, 16, 16, 16, 16, 16, 16, 16, 16, 16, 16, 16, 16, 16, 16, 16, 16, 16, 16, 16, 16, 16, 16, 16, 16, 16, 16, 16, 16, 16, 16, 16, 16, 16, 16]","[6.238324625039508, 6.239730559073523, 6.243947789353163, 6.250975506725179, 6.260812006623594, 6.273454393012148, 6.28889829222923, 6.30713758310618, 6.32816414925863, 6.35196765885102, 6.37853537641605, 6.40785201048654, 6.439899599886935, 6.474657440559691, 6.512102053797097, 6.55220719574266, 6.594943907050371, 6.640280600677062, 6.688183184960747, 6.738615218431777, 6.791538092232197, 6.846911235595216, 6.904692339566193, 6.964837594028592, 7.0273019331251, 7.092039284322945, 7.159002816646315, 7.228145183967421, 7.299418759689572, 7.372775859648474, 7.448168950580238, 7.525550842037124, 7.604874860156521, 7.686095002191854, 7.769166071182907, 7.854043790570259, 7.940684898937662, 8.029047225394496, 8.119089746386884, 8.210772624951884, 8.304057233606459]",8.304921664725713,2,64,2,0.00625
Square,3,3,0.5,periodic,periodic,finite,"[0.0, 0.0125, 0.025, 0.037500000000000006, 0.05, 0.0625, 0.075, 0.0875, 0.09999999999999999, 0.11249999999999999, 0.12499999999999999, 0.13749999999999998, 0.15, 0.1625, 0.17500000000000002, 0.18750000000000003, 0.20000000000000004, 0.21250000000000005, 0.22500000000000006, 0.23750000000000007, 0.25000000000000006, 0.26250000000000007, 0.2750000000000001, 0.2875000000000001, 0.3000000000000001, 0.3125000000000001, 0.3250000000000001, 0.33750000000000013, 0.35000000000000014, 0.36250000000000016, 0.37500000000000017, 0.3875000000000002, 0.4000000000000002, 0.4125000000000002, 0.4250000000000002, 0.4375000000000002, 0.45000000000000023, 0.46250000000000024, 0.47500000000000026, 0.48750000000000027, 0.5000000000000002]","[14, 16, 16, 16, 16, 16, 16, 16, 16, 16, 16, 16, 16, 16, 16, 16, 16, 16, 16, 16, 16, 16, 16, 16, 16, 16, 16, 16, 16, 16, 16, 16, 16, 16, 16, 16, 16, 16, 16, 16]","[6.238324625039508, 6.239730559073523, 6.243947789353163, 6.250975506725179, 6.260812006623594, 6.273454393012148, 6.28889829222923, 6.30713758310618, 6.32816414925863, 6.35196765885102, 6.37853537641605, 6.40785201048654, 6.439899599886935, 6.474657440559691, 6.512102053797097, 6.55220719574266, 6.594943907050371, 6.640280600677062, 6.688183184960747, 6.738615218431777, 6.791538092232197, 6.846911235595216, 6.904692339566193, 6.964837594028592, 7.0273019331251, 7.092039284322945, 7.159002816646315, 7.228145183967421, 7.299418759689572, 7.372775859648474, 7.448168950580238, 7.525550842037124, 7.604874860156521, 7.686095002191854, 7.769166071182907, 7.854043790570259, 7.940684898937662, 8.029047225394496, 8.119089746386884, 8.210772624951884, 8.304057233606459]",8.304921664725713,2,200,2,0.00625
Triangular,3,3,0.5,periodic,periodic,finite,"[0.0, 0.0125, 0.025, 0.037500000000000006, 0.05, 0.0625, 0.075, 0.0875, 0.09999999999999999, 0.11249999999999999, 0.12499999999999999, 0.13749999999999998, 0.15, 0.1625, 0.17500000000000002, 0.18750000000000003, 0.20000000000000004, 0.21250000000000005, 0.22500000000000006, 0.23750000000000007, 0.25000000000000006, 0.26250000000000007, 0.2750000000000001, 0.2875000000000001, 0.3000000000000001, 0.3125000000000001, 0.3250000000000001, 0.33750000000000013, 0.35000000000000014, 0.36250000000000016, 0.37500000000000017, 0.3875000000000002, 0.4000000000000002, 0.4125000000000002, 0.4250000000000002, 0.4375000000000002, 0.45000000000000023, 0.46250000000000024, 0.47500000000000026, 0.48750000000000027, 0.5000000000000002]","[4, 4, 4, 4, 4, 4, 4, 4, 4, 4, 4, 4, 4, 4, 4, 4, 4, 4, 4, 4, 4, 4, 4, 4, 4, 4, 4, 4, 4, 4, 4, 4, 4, 4, 4, 4, 4, 4, 4, 4]","[6.238324625039508, 6.240363859182366, 6.246542146848087, 6.256936950608159, 6.271614020534334, 6.290626519181799, 6.314014250241969, 6.341803188416694, 6.374005332272617, 6.410618885549333, 6.451628756143314, 6.497007346462419, 6.546715595243047, 6.600704220248084, 6.658915104195733, 6.721282763097981, 6.7877358368238845, 6.858198545727115, 6.932592063928742, 7.010835768528762, 7.09284833380439, 7.178548649566038, 7.267856552628917, 7.360693369316868, 7.456982274706842, 7.556648480759067, 7.659619270498128, 7.765823899049293, 7.875193384690798, 7.9876602142929345, 8.103157987728428, 8.221621025205916, 8.342983960139629, 8.467181338252221, 8.594147241230656, 8.723814950525128, 8.856116663901322, 8.99098327422807, 9.12834421680685, 9.268127388427814, 9.410259138367977]",9.774085699868461,0,4,0,0.00625
Triangular,3,3,0.5,periodic,periodic,finite,"[0.0, 0.0125, 0.025, 0.037500000000000006, 0.05, 0.0625, 0.075, 0.0875, 0.09999999999999999, 0.11249999999999999, 0.12499999999999999, 0.13749999999999998, 0.15, 0.1625, 0.17500000000000002, 0.18750000000000003, 0.20000000000000004, 0.21250000000000005, 0.22500000000000006, 0.23750000000000007, 0.25000000000000006, 0.26250000000000007, 0.2750000000000001, 0.2875000000000001, 0.3000000000000001, 0.3125000000000001, 0.3250000000000001, 0.33750000000000013, 0.35000000000000014, 0.36250000000000016, 0.37500000000000017, 0.3875000000000002, 0.4000000000000002, 0.4125000000000002, 0.4250000000000002, 0.4375000000000002, 0.45000000000000023, 0.46250000000000024, 0.47500000000000026, 0.48750000000000027, 0.5000000000000002]","[14, 16, 16, 16, 16, 16, 16, 16, 16, 16, 16, 16, 16, 16, 16, 16, 16, 16, 16, 16, 16, 16, 16, 16, 16, 16, 16, 16, 16, 16, 16, 16, 16, 16, 16, 16, 16, 16, 16, 16]","[6.238324625039508, 6.240445087070917, 6.246862691609542, 6.257656387995815, 6.2729022814009285, 6.292672818862102, 6.31703593948113, 6.346054197633342, 6.379783869789311, 6.41827405748631, 6.461565801034992, 6.50969122059691, 6.562672703164389, 6.620522155521379, 6.68324034424488, 6.750816344003056, 6.823227114625828, 6.900437225529978, 6.9823987430192025, 7.069051291797289, 7.160322296887369, 7.256127406302817, 7.356371088612371, 7.460947393379229, 7.569740856740836, 7.6826275295083, 7.799476101409338, 7.920149092683588, 8.04450408325613, 8.172394950140259, 8.3036730854239, 8.438188569964277, 8.575791281486053, 8.716331919859694, 8.859662936643575, 9.005639360247992, 9.154119512106613, 9.304965612859801, 9.458044280656583, 9.613226926212477, 9.770390051206983]",9.774085699868461,0,16,0,0.00625
Triangular,3,3,0.5,periodic,periodic,finite,"[0.0, 0.0125, 0.025, 0.037500000000000006, 0.05, 0.0625, 0.075, 0.0875, 0.09999999999999999, 0.11249999999999999, 0.12499999999999999, 0.13749999999999998, 0.15, 0.1625, 0.17500000000000002, 0.18750000000000003, 0.20000000000000004, 0.21250000000000005, 0.22500000000000006, 0.23750000000000007, 0.25000000000000006, 0.26250000000000007, 0.2750000000000001, 0.2875000000000001, 0.3000000000000001, 0.3125000000000001, 0.3250000000000001, 0.33750000000000013, 0.35000000000000014, 0.36250000000000016, 0.37500000000000017, 0.3875000000000002, 0.4000000000000002, 0.4125000000000002, 0.4250000000000002, 0.4375000000000002, 0.45000000000000023, 0.46250000000000024, 0.47500000000000026, 0.48750000000000027, 0.5000000000000002]","[14, 16, 16, 16, 16, 16, 16, 16, 16, 16, 16, 16, 16, 16, 16, 16, 16, 16, 16, 16, 16, 16, 16, 16, 16, 16, 16, 16, 16, 16, 16, 16, 16, 16, 16, 16, 16, 16, 16, 16]","[6.238324625039508, 6.240445087070917, 6.246862691609542, 6.257656387995815, 6.2729022814009285, 6.292672818862102, 6.31703593948113, 6.346054197633342, 6.379783869789311, 6.41827405748631, 6.461565801034992, 6.50969122059691, 6.562672703164389, 6.620522155521379, 6.68324034424488, 6.750816344003056, 6.823227114625828, 6.900437225529978, 6.9823987430192025, 7.069051291797289, 7.160322296887369, 7.256127406302817, 7.356371088612371, 7.460947393379229, 7.569740856740836, 7.6826275295083, 7.799476101409338, 7.920149092683588, 8.04450408325613, 8.172394950140259, 8.3036730854239, 8.438188569964277, 8.575791281486053, 8.716331919859694, 8.859662936643575, 9.005639360247992, 9.154119512106613, 9.304965612859801, 9.458044280656583, 9.613226926212477, 9.770390051206983]",9.774085699868461,0,64,0,0.00625
Triangular,3,3,0.5,periodic,periodic,finite,"[0.0, 0.0125, 0.025, 0.037500000000000006, 0.05, 0.0625, 0.075, 0.0875, 0.09999999999999999, 0.11249999999999999, 0.12499999999999999, 0.13749999999999998, 0.15, 0.1625, 0.17500000000000002, 0.18750000000000003, 0.20000000000000004, 0.21250000000000005, 0.22500000000000006, 0.23750000000000007, 0.25000000000000006, 0.26250000000000007, 0.2750000000000001, 0.2875000000000001, 0.3000000000000001, 0.3125000000000001, 0.3250000000000001, 0.33750000000000013, 0.35000000000000014, 0.36250000000000016, 0.37500000000000017, 0.3875000000000002, 0.4000000000000002, 0.4125000000000002, 0.4250000000000002, 0.4375000000000002, 0.45000000000000023, 0.46250000000000024, 0.47500000000000026, 0.48750000000000027, 0.5000000000000002]","[14, 16, 16, 16, 16, 16, 16, 16, 16, 16, 16, 16, 16, 16, 16, 16, 16, 16, 16, 16, 16, 16, 16, 16, 16, 16, 16, 16, 16, 16, 16, 16, 16, 16, 16, 16, 16, 16, 16, 16]","[6.238324625039508, 6.240445087070917, 6.246862691609542, 6.257656387995815, 6.2729022814009285, 6.292672818862102, 6.31703593948113, 6.346054197633342, 6.379783869789311, 6.41827405748631, 6.461565801034992, 6.50969122059691, 6.562672703164389, 6.620522155521379, 6.68324034424488, 6.750816344003056, 6.823227114625828, 6.900437225529978, 6.9823987430192025, 7.069051291797289, 7.160322296887369, 7.256127406302817, 7.356371088612371, 7.460947393379229, 7.569740856740836, 7.6826275295083, 7.799476101409338, 7.920149092683588, 8.04450408325613, 8.172394950140259, 8.3036730854239, 8.438188569964277, 8.575791281486053, 8.716331919859694, 8.859662936643575, 9.005639360247992, 9.154119512106613, 9.304965612859801, 9.458044280656583, 9.613226926212477, 9.770390051206983]",9.774085699868461,0,200,0,0.00625
Triangular,3,3,0.5,periodic,periodic,finite,"[0.0, 0.0125, 0.025, 0.037500000000000006, 0.05, 0.0625, 0.075, 0.0875, 0.09999999999999999, 0.11249999999999999, 0.12499999999999999, 0.13749999999999998, 0.15, 0.1625, 0.17500000000000002, 0.18750000000000003, 0.20000000000000004, 0.21250000000000005, 0.22500000000000006, 0.23750000000000007, 0.25000000000000006, 0.26250000000000007, 0.2750000000000001, 0.2875000000000001, 0.3000000000000001, 0.3125000000000001, 0.3250000000000001, 0.33750000000000013, 0.35000000000000014, 0.36250000000000016, 0.37500000000000017, 0.3875000000000002, 0.4000000000000002, 0.4125000000000002, 0.4250000000000002, 0.4375000000000002, 0.45000000000000023, 0.46250000000000024, 0.47500000000000026, 0.48750000000000027, 0.5000000000000002]","[4, 4, 4, 4, 4, 4, 4, 4, 4, 4, 4, 4, 4, 4, 4, 4, 4, 4, 4, 4, 4, 4, 4, 4, 4, 4, 4, 4, 4, 4, 4, 4, 4, 4, 4, 4, 4, 4, 4, 4]","[6.238324625039508, 6.2404209334340734, 6.246644777349017, 6.256896062570399, 6.271064462878615, 6.289031142860967, 6.3106705389822535, 6.335852138465529, 6.364442202491528, 6.396305389231342, 6.431306242334979, 6.469310520835792, 6.510186356272518, 6.553805231639991, 6.600042784214146, 6.648779440195862, 6.6999008934703035, 6.753298443684551, 6.808869210481414, 6.866516241305664, 6.926148529946302, 6.987680962111469, 7.051034203046553, 7.116134540665319, 7.182913696002477, 7.251308611116053, 7.321261222943125, 7.392718230093369, 7.4656308581815285, 7.539954628067997, 7.6156491302994205, 7.692677808115063, 7.7710077505996145, 7.850609496906888, 7.93145685193717, 8.013526713409384, 8.096798909913955, 8.181256049250127, 8.266883376130805, 8.353668638169212, 8.441601958935506]",8.868529783361229,1,4,1,0.00625
Triangular,3,3,0.5,periodic,periodic,finite,"[0.0, 0.0125, 0.025, 0.037500000000000006, 0.05, 0.0625, 0.075, 0.0875, 0.09999999999999999, 0.11249999999999999, 0.12499999999999999, 0.13749999999999998, 0.15, 0.1625, 0.17500000000000002, 0.18750000000000003, 0.20000000000000004, 0.21250000000000005, 0.22500000000000006, 0.23750000000000007, 0.25000000000000006, 0.26250000000000007, 0.2750000000000001, 0.2875000000000001, 0.3000000000000001, 0.3125000000000001, 0.3250000000000001, 0.33750000000000013, 0.35000000000000014, 0.36250000000000016, 0.37500000000000017, 0.3875000000000002, 0.4000000000000002, 0.4125000000000002, 0.4250000000000002, 0.4375000000000002, 0.45000000000000023, 0.46250000000000024, 0.47500000000000026, 0.48750000000000027, 0.5000000000000002]","[11, 14, 16, 16, 16, 16, 16, 16, 16, 16, 16, 16, 16, 16, 16, 16, 16, 16, 16, 16, 16, 16, 16, 16, 16, 16, 16, 16, 16, 16, 16, 16, 16, 16, 16, 16, 16, 16, 16, 16]","[6.238324625039508, 6.2404211213276115, 6.246651024534749, 6.256931278493257, 6.271178742075095, 6.289310738771628, 6.311245543911974, 6.3369028082540115, 6.366203917474636, 6.399072287828647, 6.435433598970654, 6.475215965634763, 6.51835005053422, 6.564769121468451, 6.614409056197994, 6.66720829916058, 6.723107774546489, 6.7820507606231715, 6.843982730494138, 6.908851164692353, 6.976605341142851, 7.047196108081514, 7.120575645487454, 7.196697220474837, 7.275514941898445, 7.356983519156805, 7.441058029831836, 7.527693700388868, 7.616845703682698, 7.708468976482937, 7.802518059655694, 7.898946963031427, 7.9977090563643785, 8.098756987162746, 8.202042625555709, 8.30751703577939, 8.415130473322563, 8.524832406287631, 8.636571559103372, 8.750295976381379, 8.865953104442646]",8.868529783361229,1,16,1,0.00625
Triangular,3,3,0.5,periodic,periodic,finite,"[0.0, 0.0125, 0.025, 0.037500000000000006, 0.05, 0.0625, 0.075, 0.0875, 0.09999999999999999, 0.11249999999999999, 0.12499999999999999, 0.13749999999999998, 0.15, 0.1625, 0.17500000000000002, 0.18750000000000003, 0.20000000000000004, 0.21250000000000005, 0.22500000000000006, 0.23750000000000007, 0.25000000000000006, 0.26250000000000007, 0.2750000000000001, 0.2875000000000001, 0.3000000000000001, 0.3125000000000001, 0.3250000000000001, 0.33750000000000013, 0.35000000000000014, 0.36250000000000016, 0.37500000000000017, 0.3875000000000002, 0.4000000000000002, 0.4125000000000002, 0.4250000000000002, 0.4375000000000002, 0.45000000000000023, 0.46250000000000024, 0.47500000000000026, 0.48750000000000027, 0.5000000000000002]","[11, 14, 16, 16, 16, 16, 16, 16, 16, 16, 16, 16, 16, 16, 16, 16, 16, 16, 16, 16, 16, 16, 16, 16, 16, 16, 16, 16, 16, 16, 16, 16, 16, 16, 16, 16, 16, 16, 16, 16]","[6.238324625039508, 6.2404211213276115, 6.246651024534749, 6.256931278493257, 6.271178742075095, 6.289310738771628, 6.311245543911974, 6.3369028082540115, 6.366203917474636, 6.399072287828647, 6.435433598970654, 6.475215965634763, 6.51835005053422, 6.564769121468451, 6.614409056197994, 6.66720829916058, 6.723107774546489, 6.7820507606231715, 6.843982730494138, 6.908851164692353, 6.976605341142851, 7.047196108081514, 7.120575645487454, 7.196697220474837, 7.275514941898445, 7.356983519156805, 7.441058029831836, 7.527693700388868, 7.616845703682698, 7.708468976482937, 7.802518059655694, 7.898946963031427, 7.9977090563643785, 8.098756987162746, 8.202042625555709, 8.30751703577939, 8.415130473322563, 8.524832406287631, 8.636571559103372, 8.750295976381379, 8.865953104442646]",8.868529783361229,1,64,1,0.00625
Triangular,3,3,0.5,periodic,periodic,finite,"[0.0, 0.0125, 0.025, 0.037500000000000006, 0.05, 0.0625, 0.075, 0.0875, 0.09999999999999999, 0.11249999999999999, 0.12499999999999999, 0.13749999999999998, 0.15, 0.1625, 0.17500000000000002, 0.18750000000000003, 0.20000000000000004, 0.21250000000000005, 0.22500000000000006, 0.23750000000000007, 0.25000000000000006, 0.26250000000000007, 0.2750000000000001, 0.2875000000000001, 0.3000000000000001, 0.3125000000000001, 0.3250000000000001, 0.33750000000000013, 0.35000000000000014, 0.36250000000000016, 0.37500000000000017, 0.3875000000000002, 0.4000000000000002, 0.4125000000000002, 0.4250000000000002, 0.4375000000000002, 0.45000000000000023, 0.46250000000000024, 0.47500000000000026, 0.48750000000000027, 0.5000000000000002]","[11, 14, 16, 16, 16, 16, 16, 16, 16, 16, 16, 16, 16, 16, 16, 16, 16, 16, 16, 16, 16, 16, 16, 16, 16, 16, 16, 16, 16, 16, 16, 16, 16, 16, 16, 16, 16, 16, 16, 16]","[6.238324625039508, 6.2404211213276115, 6.246651024534749, 6.256931278493257, 6.271178742075095, 6.289310738771628, 6.311245543911974, 6.3369028082540115, 6.366203917474636, 6.399072287828647, 6.435433598970654, 6.475215965634763, 6.51835005053422, 6.564769121468451, 6.614409056197994, 6.66720829916058, 6.723107774546489, 6.7820507606231715, 6.843982730494138, 6.908851164692353, 6.976605341142851, 7.047196108081514, 7.120575645487454, 7.196697220474837, 7.275514941898445, 7.356983519156805, 7.441058029831836, 7.527693700388868, 7.616845703682698, 7.708468976482937, 7.802518059655694, 7.898946963031427, 7.9977090563643785, 8.098756987162746, 8.202042625555709, 8.30751703577939, 8.415130473322563, 8.524832406287631, 8.636571559103372, 8.750295976381379, 8.865953104442646]",8.868529783361229,1,200,1,0.00625
Triangular,3,3,0.5,periodic,periodic,finite,"[0.0, 0.0125, 0.025, 0.037500000000000006, 0.05, 0.0625, 0.075, 0.0875, 0.09999999999999999, 0.11249999999999999, 0.12499999999999999, 0.13749999999999998, 0.15, 0.1625, 0.17500000000000002, 0.18750000000000003, 0.20000000000000004, 0.21250000000000005, 0.22500000000000006, 0.23750000000000007, 0.25000000000000006, 0.26250000000000007, 0.2750000000000001, 0.2875000000000001, 0.3000000000000001, 0.3125000000000001, 0.3250000000000001, 0.33750000000000013, 0.35000000000000014, 0.36250000000000016, 0.37500000000000017, 0.3875000000000002, 0.4000000000000002, 0.4125000000000002, 0.4250000000000002, 0.4375000000000002, 0.45000000000000023, 0.46250000000000024, 0.47500000000000026, 0.48750000000000027, 0.5000000000000002]","[4, 4, 4, 4, 4, 4, 4, 4, 4, 4, 4, 4, 4, 4, 4, 4, 4, 4, 4, 4, 4, 4, 4, 4, 4, 4, 4, 4, 4, 4, 4, 4, 4, 4, 4, 4, 4, 4, 4, 4]","[6.238324625039508, 6.240361054777406, 6.246402215277381, 6.256339830827946, 6.270051205346636, 6.287401658664207, 6.308247060875519, 6.332436362291945, 6.359814032657828, 6.390222339242497, 6.423503410965855, 6.459501053383631, 6.498062295858683, 6.5390386666478175, 6.582287203396121, 6.627671215459792, 6.675060820657487, 6.724333282756241, 6.7753731776214705, 6.828072415935882, 6.882330149149006, 6.938052583246406, 6.995152722356555, 7.0535500614088695, 7.1131702442189955, 7.173944700650178, 7.2358102739749155, 7.298708847294225, 7.362586975885654, 7.427395530649248, 7.493089356389852, 7.559626947493707, 7.626970142600758, 7.695083839113182, 7.763935727787497, 7.833496047205665, 7.90373735758565, 7.974634333152458, 8.046163572128274, 8.118303423298636, 8.191033828057709]",8.522623420880905,2,4,2,0.00625
Triangular,3,3,0.5,periodic,periodic,finite,"[0.0, 0.0125, 0.025, 0.037500000000000006, 0.05, 0.0625, 0.075, 0.0875, 0.09999999999999999, 0.11249999999999999, 0.12499999999999999, 0.13749999999999998, 0.15, 0.1625, 0.17500000000000002, 0.18750000000000003, 0.20000000000000004, 0.21250000000000005, 0.22500000000000006, 0.23750000000000007, 0.25000000000000006, 0.26250000000000007, 0.2750000000000001, 0.2875000000000001, 0.3000000000000001, 0.3125000000000001, 0.3250000000000001, 0.33750000000000013, 0.35000000000000014, 0.36250000000000016, 0.37500000000000017, 0.3875000000000002, 0.4000000000000002, 0.4125000000000002, 0.4250000000000002, 0.4375000000000002, 0.45000000000000023, 0.46250000000000024, 0.47500000000000026, 0.48750000000000027, 0.5000000000000002]","[13, 16, 16, 16, 16, 16, 16, 16, 16, 16, 16, 16, 16, 16, 16, 16, 16, 16, 16, 16, 16, 16, 16, 16, 16, 16, 16, 16, 16, 16, 16, 16, 16, 16, 16, 16, 16, 16, 16, 16]","[6.238324625039508, 6.2404209065208125, 6.246645792137074, 6.256903296477568, 6.271089950392902, 6.289096377568819, 6.3108088000417215, 6.336110440334887, 6.364882796602688, 6.3970067756199285, 6.432363676166137, 6.470836022005656, 6.512308249078721, 6.556667255648134, 6.603802827043578, 6.653607948433331, 6.705979019894853, 6.760815988133705, 6.818022408695269, 6.877505451593654, 6.93917586209321, 7.002947887042222, 7.068739175771092, 7.136470663201697, 7.2060664415209095, 7.277453625583298, 7.350562216144582, 7.42532496409652, 7.501677238075239, 7.579556897142988, 7.658904169688408, 7.739661539240747, 7.8217736375372535, 7.905187144906774, 7.98985069782506, 8.075714803346749, 8.162731760015271, 8.250855584786436, 8.340041945465689, 8.430248098146896, 8.521432829145972]",8.522623420880905,2,16,2,0.00625
Triangular,3,3,0.5,periodic,periodic,finite,"[0.0, 0.0125, 0.025, 0.037500000000000006, 0.05, 0.0625, 0.075, 0.0875, 0.09999999999999999, 0.11249999999999999, 0.12499999999999999, 0.13749999999999998, 0.15, 0.1625, 0.17500000000000002, 0.18750000000000003, 0.20000000000000004, 0.21250000000000005, 0.22500000000000006, 0.23750000000000007, 0.25000000000000006, 0.26250000000000007, 0.2750000000000001, 0.2875000000000001, 0.3000000000000001, 0.3125000000000001, 0.3250000000000001, 0.33750000000000013, 0.35000000000000014, 0.36250000000000016, 0.37500000000000017, 0.3875000000000002, 0.4000000000000002, 0.4125000000000002, 0.4250000000000002, 0.4375000000000002, 0.45000000000000023, 0.46250000000000024, 0.47500000000000026, 0.48750000000000027, 0.5000000000000002]","[13, 16, 16, 16, 16, 16, 16, 16, 16, 16, 16, 16, 16, 16, 16, 16, 16, 16, 16, 16, 16, 16, 16, 16, 16, 16, 16, 16, 16, 16, 16, 16, 16, 16, 16, 16, 16, 16, 16, 16]","[6.238324625039508, 6.2404209065208125, 6.246645792137074, 6.256903296477568, 6.271089950392902, 6.289096377568819, 6.3108088000417215, 6.336110440334887, 6.364882796602688, 6.3970067756199285, 6.432363676166137, 6.470836022005656, 6.512308249078721, 6.556667255648134, 6.603802827043578, 6.653607948433331, 6.705979019894853, 6.760815988133705, 6.818022408695269, 6.877505451593654, 6.93917586209321, 7.002947887042222, 7.068739175771092, 7.136470663201697, 7.2060664415209095, 7.277453625583298, 7.350562216144582, 7.42532496409652, 7.501677238075239, 7.579556897142988, 7.658904169688408, 7.739661539240747, 7.8217736375372535, 7.905187144906774, 7.98985069782506, 8.075714803346749, 8.162731760015271, 8.250855584786436, 8.340041945465689, 8.430248098146896, 8.521432829145972]",8.522623420880905,2,64,2,0.00625
Triangular,3,3,0.5,periodic,periodic,finite,"[0.0, 0.0125, 0.025, 0.037500000000000006, 0.05, 0.0625, 0.075, 0.0875, 0.09999999999999999, 0.11249999999999999, 0.12499999999999999, 0.13749999999999998, 0.15, 0.1625, 0.17500000000000002, 0.18750000000000003, 0.20000000000000004, 0.21250000000000005, 0.22500000000000006, 0.23750000000000007, 0.25000000000000006, 0.26250000000000007, 0.2750000000000001, 0.2875000000000001, 0.3000000000000001, 0.3125000000000001, 0.3250000000000001, 0.33750000000000013, 0.35000000000000014, 0.36250000000000016, 0.37500000000000017, 0.3875000000000002, 0.4000000000000002, 0.4125000000000002, 0.4250000000000002, 0.4375000000000002, 0.45000000000000023, 0.46250000000000024, 0.47500000000000026, 0.48750000000000027, 0.5000000000000002]","[13, 16, 16, 16, 16, 16, 16, 16, 16, 16, 16, 16, 16, 16, 16, 16, 16, 16, 16, 16, 16, 16, 16, 16, 16, 16, 16, 16, 16, 16, 16, 16, 16, 16, 16, 16, 16, 16, 16, 16]","[6.238324625039508, 6.2404209065208125, 6.246645792137074, 6.256903296477568, 6.271089950392902, 6.289096377568819, 6.3108088000417215, 6.336110440334887, 6.364882796602688, 6.3970067756199285, 6.432363676166137, 6.470836022005656, 6.512308249078721, 6.556667255648134, 6.603802827043578, 6.653607948433331, 6.705979019894853, 6.760815988133705, 6.818022408695269, 6.877505451593654, 6.93917586209321, 7.002947887042222, 7.068739175771092, 7.136470663201697, 7.2060664415209095, 7.277453625583298, 7.350562216144582, 7.42532496409652, 7.501677238075239, 7.579556897142988, 7.658904169688408, 7.739661539240747, 7.8217736375372535, 7.905187144906774, 7.98985069782506, 8.075714803346749, 8.162731760015271, 8.250855584786436, 8.340041945465689, 8.430248098146896, 8.521432829145972]",8.522623420880905,2,200,2,0.00625
Square,4,4,0.5,open,open,finite,"[0.0, 0.0125, 0.025, 0.037500000000000006, 0.05, 0.0625, 0.075, 0.0875, 0.09999999999999999, 0.11249999999999999, 0.12499999999999999, 0.13749999999999998, 0.15, 0.1625, 0.17500000000000002, 0.18750000000000003, 0.20000000000000004, 0.21250000000000005, 0.22500000000000006, 0.23750000000000007, 0.25000000000000006, 0.26250000000000007, 0.2750000000000001, 0.2875000000000001, 0.3000000000000001, 0.3125000000000001, 0.3250000000000001, 0.33750000000000013, 0.35000000000000014, 0.36250000000000016, 0.37500000000000017, 0.3875000000000002, 0.4000000000000002, 0.4125000000000002, 0.4250000000000002, 0.4375000000000002, 0.45000000000000023, 0.46250000000000024, 0.47500000000000026, 0.48750000000000027, 0.5000000000000002]","[4, 4, 4, 4, 4, 4, 4, 4, 4, 4, 4, 4, 4, 4, 4, 4, 4, 4, 4, 4, 4, 4, 4, 4, 4, 4, 4, 4, 4, 4, 4, 4, 4, 4, 4, 4, 4, 4, 4, 4]","[11.090354888959125, 11.091995444497675, 11.096917052421713, 11.105119154929044, 11.11659977931249, 11.131355389030235, 11.149380791979553, 11.170669065648035, 11.195211491954923, 11.222997499485768, 11.25401461258056, 11.288248407380513, 11.32568247515606, 11.36629839327931, 11.410075704172836, 11.456991902509303, 11.507022430874311, 11.560140684045985, 11.61631802199203, 11.675523791636115, 11.737725357398649, 11.802888140469294, 11.870975666717039, 11.941949623087416, 12.01576992227372, 12.092394775381099, 12.171780772229097, 12.253882968862115, 12.338654981760259, 12.426049088167417, 12.516016331882557, 12.608506633795853, 12.703468906396282, 12.800851171433349, 12.900600679884523, 13.002664033362272, 13.106987306090923, 13.213516166594143, 13.32219599825755, 13.432972017967234, 13.545789392072432]",13.995460543629452,0,4,0,0.00625
Square,4,4,0.5,open,open,finite,"[0.0, 0.0125, 0.025, 0.037500000000000006, 0.05, 0.0625, 0.075, 0.0875, 0.09999999999999999, 0.11249999999999999, 0.12499999999999999, 0.13749999999999998, 0.15, 0.1625, 0.17500000000000002, 0.18750000000000003, 0.20000000000000004, 0.21250000000000005, 0.22500000000000006, 0.23750000000000007, 0.25000000000000006, 0.26250000000000007, 0.2750000000000001, 0.2875000000000001, 0.3000000000000001, 0.3125000000000001, 0.3250000000000001, 0.33750000000000013, 0.35000000000000014, 0.36250000000000016, 0.37500000000000017, 0.3875000000000002, 0.4000000000000002, 0.4125000000000002, 0.4250000000000002, 0.4375000000000002, 0.45000000000000023, 0.46250000000000024, 0.47500000000000026, 0.48750000000000027, 0.5000000000000002]","[13, 16, 16, 16, 16, 16, 16, 16, 16, 16, 16, 16, 16, 16, 16, 16, 16, 16, 16, 16, 16, 16, 16, 16, 16, 16, 16, 16, 16, 16, 16, 16, 16, 16, 16, 16, 16, 16, 16, 16]","[11.090354888959125, 11.092229593018336, 11.097853087882804, 11.107224486126915, 11.12034229461704, 11.137204395661646, 11.157808020987448, 11.182149718884697, 11.21022531510228, 11.242029867850961, 11.277557616995507, 11.31680192882614, 11.359755236530315, 11.406408977001442, 11.456753524565888, 11.510778122178584, 11.568470810616551, 11.629818356180213, 11.694806177399125, 11.763418271235565, 11.835637139290464, 11.91144371454291, 11.990817289199125, 12.073735444287982, 12.16017398171686, 12.250106859589156, 12.343506131678962, 12.440341892051944, 12.54058222590745, 12.644193167787515, 12.751138668345124, 12.861380570880593, 12.974878598834307, 13.091590355361845, 13.211471336011563, 13.334474955374047, 13.460552588380626, 13.589653626697627, 13.7217255504024, 13.856714014843831, 13.994562952294856]",13.995460543629452,0,16,0,0.00625
Square,4,4,0.5,open,open,finite,"[0.0, 0.0125, 0.025, 0.037500000000000006, 0.05, 0.0625, 0.075, 0.0875, 0.09999999999999999, 0.11249999999999999, 0.12499999999999999, 0.13749999999999998, 0.15, 0.1625, 0.17500000000000002, 0.18750000000000003, 0.20000000000000004, 0.21250000000000005, 0.22500000000000006, 0.23750000000000007, 0.25000000000000006, 0.26250000000000007, 0.2750000000000001, 0.2875000000000001, 0.3000000000000001, 0.3125000000000001, 0.3250000000000001, 0.33750000000000013, 0.35000000000000014, 0.36250000000000016, 0.37500000000000017, 0.3875000000000002, 0.4000000000000002, 0.4125000000000002, 0.4250000000000002, 0.4375000000000002, 0.45000000000000023, 0.46250000000000024, 0.47500000000000026, 0.48750000000000027, 0.5000000000000002]","[13, 17, 18, 18, 18, 18, 19, 22, 22, 22, 22, 24, 24, 24, 24, 24, 24, 24, 24, 24, 24, 24, 24, 25, 26, 26, 26, 26, 26, 26, 26, 26, 26, 26, 26, 26, 26, 26, 27, 27]","[11.090354888959125, 11.092229593018336, 11.097853087882216, 11.107224486099225, 11.120342294476512, 11.137204395242865, 11.157808020041115, 11.182149717098891, 11.210225311996323, 11.242029862468165, 11.277557607922715, 11.316801914164866, 11.359755213860563, 11.406408943349321, 11.456753476374917, 11.51077805528513, 11.568470720229554, 11.62981823686574, 11.694806023069882, 11.76341807514571, 11.835636894035988, 11.91144341206815, 11.990816920809516, 12.073735000667735, 12.160173452950357, 12.250106235186644, 12.343505400611273, 12.440341042790918, 12.540581246470838, 12.64419204578728, 12.751137391046537, 12.861379125267538, 12.97487697167912, 13.091588533298301, 13.21146930561213, 13.334472703230519, 13.460550101186321, 13.589650891330109, 13.721722554005593, 13.85671074490821, 13.994559396733036]",13.995460543629452,0,64,0,0.00625
Square,4,4,0.5,open,open,finite,"[0.0, 0.0125, 0.025, 0.037500000000000006, 0.05, 0.0625, 0.075, 0.0875, 0.09999999999999999, 0.11249999999999999, 0.12499999999999999, 0.13749999999999998, 0.15, 0.1625, 0.17500000000000002, 0.18750000000000003, 0.20000000000000004, 0.21250000000000005, 0.22500000000000006, 0.23750000000000007, 0.25000000000000006, 0.26250000000000007, 0.2750000000000001, 0.2875000000000001, 0.3000000000000001, 0.3125000000000001, 0.3250000000000001, 0.33750000000000013, 0.35000000000000014, 0.36250000000000016, 0.37500000000000017, 0.3875000000000002, 0.4000000000000002, 0.4125000000000002, 0.4250000000000002, 0.4375000000000002, 0.45000000000000023, 0.46250000000000024, 0.47500000000000026, 0.48750000000000027, 0.5000000000000002]","[13, 17, 18, 18, 18, 18, 19, 22, 22, 22, 22, 24, 24, 24, 24, 24, 24, 24, 24, 24, 24, 24, 24, 25, 26, 26, 26, 26, 26, 26, 26, 26, 26, 26, 26, 26, 26, 26, 27, 27]","[11.090354888959125, 11.092229593018336, 11.097853087882216, 11.107224486099225, 11.120342294476512, 11.137204395242865, 11.157808020041115, 11.182149717098891, 11.210225311996323, 11.242029862468165, 11.277557607922715, 11.316801914164866, 11.359755213860563, 11.406408943349321, 11.456753476374917, 11.51077805528513, 11.568470720229554, 11.62981823686574, 11.694806023069882, 11.76341807514571, 11.835636894035988, 11.91144341206815, 11.990816920809516, 12.073735000667735, 12.160173452950357, 12.250106235186644, 12.343505400611273, 12.440341042790918, 12.540581246470838, 12.64419204578728, 12.751137391046537, 12.861379125267538, 12.97487697167912, 13.091588533298301, 13.21146930561213, 13.334472703230519, 13.460550101186321, 13.589650891330109, 13.721722554005593, 13.85671074490821, 13.994559396733036]",13.995460543629452,0,200,0,0.00625
Square,4,4,0.5,open,open,finite,"[0.0, 0.0125, 0.025, 0.037500000000000006, 0.05, 0.0625, 0.075, 0.0875, 0.09999999999999999, 0.11249999999999999, 0.12499999999999999, 0.13749999999999998, 0.15, 0.1625, 0.17500000000000002, 0.18750000000000003, 0.20000000000000004, 0.21250000000000005, 0.22500000000000006, 0.23750000000000007, 0.25000000000000006, 0.26250000000000007, 0.2750000000000001, 0.2875000000000001, 0.3000000000000001, 0.3125000000000001, 0.3250000000000001, 0.33750000000000013, 0.35000000000000014, 0.36250000000000016, 0.37500000000000017, 0.3875000000000002, 0.4000000000000002, 0.4125000000000002, 0.4250000000000002, 0.4375000000000002, 0.45000000000000023, 0.46250000000000024, 0.47500000000000026, 0.48750000000000027, 0.5000000000000002]","[4, 4, 4, 4, 4, 4, 4, 4, 4, 4, 4, 4, 4, 4, 4, 4, 4, 4, 4, 4, 4, 4, 4, 4, 4, 4, 4, 4, 4, 4, 4, 4, 4, 4, 4, 4, 4, 4, 4, 4]","[11.090354888959125, 11.091995381917314, 11.096916333065865, 11.105116250530934, 11.116592210767404, 11.131339804606887, 11.149353116598174, 11.170624716173249, 11.195145656524774, 11.222905479451388, 11.253892225243758, 11.288092447003411, 11.325491228921088, 11.36607220810173, 11.409817599555629, 11.45670822399881, 11.506723538130654, 11.559841667085726, 11.61603943879229, 11.675292420009377, 11.737574953857912, 11.8028601987052, 11.871120168305291, 11.942325773137084, 12.016446862915968, 12.09345227028177, 12.173309855684458, 12.255986553499085, 12.341448419402496, 12.429660679037017, 12.52058777797137, 12.614193432947413, 12.710440684374655, 12.809291950004255, 12.910709079681991, 13.014653411047032, 13.12108582601191, 13.229966807830207, 13.341256498533099, 13.45491475649522, 13.570901213874787]",13.991676759711194,1,4,1,0.00625
Square,4,4,0.5,open,open,finite,"[0.0, 0.0125, 0.025, 0.037500000000000006, 0.05, 0.0625, 0.075, 0.0875, 0.09999999999999999, 0.11249999999999999, 0.12499999999999999, 0.13749999999999998, 0.15, 0.1625, 0.17500000000000002, 0.18750000000000003, 0.20000000000000004, 0.21250000000000005, 0.22500000000000006, 0.23750000000000007, 0.25000000000000006, 0.26250000000000007, 0.2750000000000001, 0.2875000000000001, 0.3000000000000001, 0.3125000000000001, 0.3250000000000001, 0.33750000000000013, 0.35000000000000014, 0.36250000000000016, 0.37500000000000017, 0.3875000000000002, 0.4000000000000002, 0.4125000000000002, 0.4250000000000002, 0.4375000000000002, 0.45000000000000023, 0.46250000000000024, 0.47500000000000026, 0.48750000000000027, 0.5000000000000002]","[13, 16, 16, 16, 16, 16, 16, 16, 16, 16, 16, 16, 16, 16, 16, 16, 16, 16, 16, 16, 16, 16, 16, 16, 16, 16, 16, 16, 16, 16, 16, 16, 16, 16, 16, 16, 16, 16, 16, 16]","[11.090354888959125, 11.092171034155278, 11.097716542781631, 11.107010143558728, 11.120050439729132, 11.136835408321309, 11.157362372986023, 11.181627969338694, 11.20962810310195, 11.241357900880029, 11.276811653775193, 11.315982754599665, 11.358863628780579, 11.405445659529853, 11.455719107923187, 11.509673028653815, 11.567295182358691, 11.62857194554656, 11.69348821928445, 11.762027337915452, 11.83417097918134, 11.909899077203049, 11.989189739825312, 12.072019171855011, 12.158361605712159, 12.248189240966314, 12.34147219414801, 12.43817846010577, 12.538273886025648, 12.641722159045585, 12.748484808186092, 12.858521221086692, 12.971788675791638, 13.088242387575237, 13.20783557054376, 13.330519513505408, 13.456243669368373, 13.58495575711577, 13.716601875221185, 13.851126625212805, 13.988473243971686]",13.991676759711194,1,16,1,0.00625
Square,4,4,0.5,open,open,finite,"[0.0, 0.0125, 0.025, 0.037500000000000006, 0.05, 0.0625, 0.075, 0.0875, 0.09999999999999999, 0.11249999999999999, 0.12499999999999999, 0.13749999999999998, 0.15, 0.1625, 0.17500000000000002, 0.18750000000000003, 0.20000000000000004, 0.21250000000000005, 0.22500000000000006, 0.23750000000000007, 0.25000000000000006, 0.26250000000000007, 0.2750000000000001, 0.2875000000000001, 0.3000000000000001, 0.3125000000000001, 0.3250000000000001, 0.33750000000000013, 0.35000000000000014, 0.36250000000000016, 0.37500000000000017, 0.3875000000000002, 0.4000000000000002, 0.4125000000000002, 0.4250000000000002, 0.4375000000000002, 0.45000000000000023, 0.46250000000000024, 0.47500000000000026, 0.48750000000000027, 0.5000000000000002]","[13, 17, 18, 18, 18, 18, 19, 22, 22, 22, 22, 23, 24, 24, 24, 24, 24, 24, 24, 24, 24, 24, 24, 25, 25, 26, 26, 26, 26, 26, 26, 26, 26, 26, 26, 26, 26, 26, 27, 27]","[11.090354888959125, 11.092171034155278, 11.097716542781889, 11.107010143542546, 11.120050439628416, 11.136835407993019, 11.157362372204764, 11.181627967807865, 11.20962810030184, 11.241357895866571, 11.276811645169248, 11.315982740550078, 11.358863606932827, 11.405445626999416, 11.455719061273756, 11.50967296388046, 11.567295094876329, 11.628571830183636, 11.693488070281825, 11.76202714893039, 11.8341707432968, 11.909898786942254, 11.98918938717119, 12.072018748272132, 12.158361102174196, 12.248188647988561, 12.34147150182177, 12.438177658137173, 12.538272963777223, 12.641721105576035, 12.748483612292281, 12.85851987135406, 12.971787160647043, 13.088240695341808, 13.207833689497203, 13.330517431930902, 13.456241375617124, 13.584953239661505, 13.716599122716008, 13.851123626541428, 13.988469988303025]",13.991676759711194,1,64,1,0.00625
Square,4,4,0.5,open,open,finite,"[0.0, 0.0125, 0.025, 0.037500000000000006, 0.05, 0.0625, 0.075, 0.0875, 0.09999999999999999, 0.11249999999999999, 0.12499999999999999, 0.13749999999999998, 0.15, 0.1625, 0.17500000000000002, 0.18750000000000003, 0.20000000000000004, 0.21250000000000005, 0.22500000000000006, 0.23750000000000007, 0.25000000000000006, 0.26250000000000007, 0.2750000000000001, 0.2875000000000001, 0.3000000000000001, 0.3125000000000001, 0.3250000000000001, 0.33750000000000013, 0.35000000000000014, 0.36250000000000016, 0.37500000000000017, 0.3875000000000002, 0.4000000000000002, 0.4125000000000002, 0.4250000000000002, 0.4375000000000002, 0.45000000000000023, 0.46250000000000024, 0.47500000000000026, 0.48750000000000027, 0.5000000000000002]","[13, 17, 18, 18, 18, 18, 19, 22, 22, 22, 22, 23, 24, 24, 24, 24, 24, 24, 24, 24, 24, 24, 24, 25, 25, 26, 26, 26, 26, 26, 26, 26, 26, 26, 26, 26, 26, 26, 27, 27]","[11.090354888959125, 11.092171034155278, 11.097716542781889, 11.107010143542546, 11.120050439628416, 11.136835407993019, 11.157362372204764, 11.181627967807865, 11.20962810030184, 11.241357895866571, 11.276811645169248, 11.315982740550078, 11.358863606932827, 11.405445626999416, 11.455719061273756, 11.50967296388046, 11.567295094876329, 11.628571830183636, 11.693488070281825, 11.76202714893039, 11.8341707432968, 11.909898786942254, 11.98918938717119, 12.072018748272132, 12.158361102174196, 12.248188647988561, 12.34147150182177, 12.438177658137173, 12.538272963777223, 12.641721105576035, 12.748483612292281, 12.85851987135406, 12.971787160647043, 13.088240695341808, 13.207833689497203, 13.330517431930902, 13.456241375617124, 13.584953239661505, 13.716599122716008, 13.851123626541428, 13.988469988303025]",13.991676759711194,1,200,1,0.00625
Square,4,4,0.5,open,open,finite,"[0.0, 0.0125, 0.025, 0.037500000000000006, 0.05, 0.0625, 0.075, 0.0875, 0.09999999999999999, 0.11249999999999999, 0.12499999999999999, 0.13749999999999998, 0.15, 0.1625, 0.17500000000000002, 0.18750000000000003, 0.20000000000000004, 0.21250000000000005, 0.22500000000000006, 0.23750000000000007, 0.25000000000000006, 0.26250000000000007, 0.2750000000000001, 0.2875000000000001, 0.3000000000000001, 0.3125000000000001, 0.3250000000000001, 0.33750000000000013, 0.35000000000000014, 0.36250000000000016, 0.37500000000000017, 0.3875000000000002, 0.4000000000000002, 0.4125000000000002, 0.4250000000000002, 0.4375000000000002, 0.45000000000000023, 0.46250000000000024, 0.47500000000000026, 0.48750000000000027, 0.5000000000000002]","[4, 4, 4, 4, 4, 4, 4, 4, 4, 4, 4, 4, 4, 4, 4, 4, 4, 4, 4, 4, 4, 4, 4, 4, 4, 4, 4, 4, 4, 4, 4, 4, 4, 4, 4, 4, 4, 4, 4, 4]","[11.090354888959125, 11.091995235467069, 11.09691482185238, 11.105109920809083, 11.116574200387435, 11.13129866046571, 11.149271599907586, 11.170478596009616, 11.194902493446545, 11.222523402604747, 11.253318708259116, 11.287263089916767, 11.324328555188153, 11.36448448739768, 11.407697708379219, 11.453932557059186, 11.503150984041529, 11.555312661999894, 11.610375111275287, 11.668293839691309, 11.729022495249326, 11.79251303006619, 11.858715873675637, 11.927580113637838, 11.999053681291295, 12.07308354043751, 12.14961587676683, 12.228596285909132, 12.309969958117085, 12.393681857754446, 12.479676895958088, 12.567900095060605, 12.65829674359159, 12.750812540911944, 12.845393730768878, 12.941987223284299, 13.040540705099744, 13.14100273759442, 13.24332284326519, 13.347451580508162, 13.45334060716903]",13.866051693471764,2,4,2,0.00625
Square,4,4,0.5,open,open,finite,"[0.0, 0.0125, 0.025, 0.037500000000000006, 0.05, 0.0625, 0.075, 0.0875, 0.09999999999999999, 0.11249999999999999, 0.12499999999999999, 0.13749999999999998, 0.15, 0.1625, 0.17500000000000002, 0.18750000000000003, 0.20000000000000004, 0.21250000000000005, 0.22500000000000006, 0.23750000000000007, 0.25000000000000006, 0.26250000000000007, 0.2750000000000001, 0.2875000000000001, 0.3000000000000001, 0.3125000000000001, 0.3250000000000001, 0.33750000000000013, 0.35000000000000014, 0.36250000000000016, 0.37500000000000017, 0.3875000000000002, 0.4000000000000002, 0.4125000000000002, 0.4250000000000002, 0.4375000000000002, 0.45000000000000023, 0.46250000000000024, 0.47500000000000026, 0.48750000000000027, 0.5000000000000002]","[13, 16, 16, 16, 16, 16, 16, 16, 16, 16, 16, 16, 16, 16, 16, 16, 16, 16, 16, 16, 16, 16, 16, 16, 16, 16, 16, 16, 16, 16, 16, 16, 16, 16, 16, 16, 16, 16, 16, 16]","[11.090354888959125, 11.092229553353603, 11.097852349093133, 11.10722062576994, 11.120329937305943, 11.137174001730129, 11.15774464683476, 11.182031743594097, 11.210023129861439, 11.241704526945792, 11.277059451567176, 11.316069127345857, 11.358712398669645, 11.404965650373038, 11.454802736517763, 11.508194921363183, 11.565110835332586, 11.625516448414517, 11.68937506299954, 11.756647327657685, 11.827291272827894, 11.90126236883739, 11.97851360611473, 12.058995596925419, 12.142656697460296, 12.229443148660293, 12.319299233779175, 12.412167450378455, 12.50798869422069, 12.606702452382029, 12.70824700284059, 12.812559617809438, 12.919576768165005, 13.02923432646483, 13.14146776624158, 13.256212355492785, 13.37340334254605, 13.492976132756828, 13.614866454779436, 13.739010515433911, 13.865345142462388]",13.866051693471764,2,16,2,0.00625
Square,4,4,0.5,open,open,finite,"[0.0, 0.0125, 0.025, 0.037500000000000006, 0.05, 0.0625, 0.075, 0.0875, 0.09999999999999999, 0.11249999999999999, 0.12499999999999999, 0.13749999999999998, 0.15, 0.1625, 0.17500000000000002, 0.18750000000000003, 0.20000000000000004, 0.21250000000000005, 0.22500000000000006, 0.23750000000000007, 0.25000000000000006, 0.26250000000000007, 0.2750000000000001, 0.2875000000000001, 0.3000000000000001, 0.3125000000000001, 0.3250000000000001, 0.33750000000000013, 0.35000000000000014, 0.36250000000000016, 0.37500000000000017, 0.3875000000000002, 0.4000000000000002, 0.4125000000000002, 0.4250000000000002, 0.4375000000000002, 0.45000000000000023, 0.46250000000000024, 0.47500000000000026, 0.48750000000000027, 0.5000000000000002]","[13, 17, 18, 18, 18, 18, 19, 22, 22, 22, 22, 23, 24, 24, 24, 24, 24, 24, 24, 24, 24, 24, 24, 24, 26, 26, 26, 26, 26, 26, 26, 26, 26, 26, 26, 26, 26, 26, 26, 26]","[11.090354888959125, 11.092229553353603, 11.097852349092452, 11.107220625740885, 11.12032993716051, 11.137174001300629, 11.157744645871414, 11.182031741795134, 11.2100231267714, 11.241704521630414, 11.277059442652083, 11.3160691129988, 11.35871237657787, 11.404965617727662, 11.454802690005403, 11.508194857164446, 11.565110749127633, 11.625516335395538, 11.689374917889864, 11.756647144737146, 11.827291045963845, 11.90126209152176, 11.97851327150769, 12.05899519790148, 12.142656226656378, 12.229442598525331, 12.319298596619946, 12.412166718406784, 12.507987859604134, 12.606701507293966, 12.708245939507885, 12.812558428557589, 12.919575445461657, 13.02923286296081, 13.141466154808725, 13.256210589258208, 13.37340141492274, 13.492974037470288, 13.61486418589045, 13.739008067357343, 13.865342509982167]",13.866051693471764,2,64,2,0.00625
Square,4,4,0.5,open,open,finite,"[0.0, 0.0125, 0.025, 0.037500000000000006, 0.05, 0.0625, 0.075, 0.0875, 0.09999999999999999, 0.11249999999999999, 0.12499999999999999, 0.13749999999999998, 0.15, 0.1625, 0.17500000000000002, 0.18750000000000003, 0.20000000000000004, 0.21250000000000005, 0.22500000000000006, 0.23750000000000007, 0.25000000000000006, 0.26250000000000007, 0.2750000000000001, 0.2875000000000001, 0.3000000000000001, 0.3125000000000001, 0.3250000000000001, 0.33750000000000013, 0.35000000000000014, 0.36250000000000016, 0.37500000000000017, 0.3875000000000002, 0.4000000000000002, 0.4125000000000002, 0.4250000000000002, 0.4375000000000002, 0.45000000000000023, 0.46250000000000024, 0.47500000000000026, 0.48750000000000027, 0.5000000000000002]","[13, 17, 18, 18, 18, 18, 19, 22, 22, 22, 22, 23, 24, 24, 24, 24, 24, 24, 24, 24, 24, 24, 24, 24, 26, 26, 26, 26, 26, 26, 26, 26, 26, 26, 26, 26, 26, 26, 26, 26]","[11.090354888959125, 11.092229553353603, 11.097852349092452, 11.107220625740885, 11.12032993716051, 11.137174001300629, 11.157744645871414, 11.182031741795134, 11.2100231267714, 11.241704521630414, 11.277059442652083, 11.3160691129988, 11.35871237657787, 11.404965617727662, 11.454802690005403, 11.508194857164446, 11.565110749127633, 11.625516335395538, 11.689374917889864, 11.756647144737146, 11.827291045963845, 11.90126209152176, 11.97851327150769, 12.05899519790148, 12.142656226656378, 12.229442598525331, 12.319298596619946, 12.412166718406784, 12.507987859604134, 12.606701507293966, 12.708245939507885, 12.812558428557589, 12.919575445461657, 13.02923286296081, 13.141466154808725, 13.256210589258208, 13.37340141492274, 13.492974037470288, 13.61486418589045, 13.739008067357343, 13.865342509982167]",13.866051693471764,2,200,2,0.00625
Square,4,4,0.5,periodic,periodic,finite,"[0.0, 0.0125, 0.025, 0.037500000000000006, 0.05, 0.0625, 0.075, 0.0875, 0.09999999999999999, 0.11249999999999999, 0.12499999999999999, 0.13749999999999998, 0.15, 0.1625, 0.17500000000000002, 0.18750000000000003, 0.20000000000000004, 0.21250000000000005, 0.22500000000000006, 0.23750000000000007, 0.25000000000000006, 0.26250000000000007, 0.2750000000000001, 0.2875000000000001, 0.3000000000000001, 0.3125000000000001, 0.3250000000000001, 0.33750000000000013, 0.35000000000000014, 0.36250000000000016, 0.37500000000000017, 0.3875000000000002, 0.4000000000000002, 0.4125000000000002, 0.4250000000000002, 0.4375000000000002, 0.45000000000000023, 0.46250000000000024, 0.47500000000000026, 0.48750000000000027, 0.5000000000000002]","[4, 4, 4, 4, 4, 4, 4, 4, 4, 4, 4, 4, 4, 4, 4, 4, 4, 4, 4, 4, 4, 4, 4, 4, 4, 4, 4, 4, 4, 4, 4, 4, 4, 4, 4, 4, 4, 4, 4, 4]","[11.090354888959125, 11.092305964119113, 11.098160136301065, 11.107917788560774, 11.12157771966202, 11.139137307454044, 11.160592407866359, 11.185937251789701, 11.215164345356913, 11.248264374987544, 11.28522611914103, 11.326036369111833, 11.370679861299047, 11.419139223257336, 11.471394935536816, 11.527425310887766, 11.587206491880536, 11.650712467410813, 11.717915107963433, 11.788784218929463, 11.863287610742379, 11.941391184145209, 12.023059028538365, 12.108253531099074, 12.19693549421037, 12.289064258687382, 12.38459783033389, 12.483493007489336, 12.585705507422018, 12.691190089671824, 12.79990067472948, 12.911790456743569, 13.026812009258018, 13.14491738328851, 13.266058197337484, 13.39018571921526, 13.517250939774167, 13.647204638869688, 13.779997444035017, 13.91557988249269, 14.053902427229831]",14.855102149128335,0,4,0,0.00625
Square,4,4,0.5,periodic,periodic,finite,"[0.0, 0.0125, 0.025, 0.037500000000000006, 0.05, 0.0625, 0.075, 0.0875, 0.09999999999999999, 0.11249999999999999, 0.12499999999999999, 0.13749999999999998, 0.15, 0.1625, 0.17500000000000002, 0.18750000000000003, 0.20000000000000004, 0.21250000000000005, 0.22500000000000006, 0.23750000000000007, 0.25000000000000006, 0.26250000000000007, 0.2750000000000001, 0.2875000000000001, 0.3000000000000001, 0.3125000000000001, 0.3250000000000001, 0.33750000000000013, 0.35000000000000014, 0.36250000000000016, 0.37500000000000017, 0.3875000000000002, 0.4000000000000002, 0.4125000000000002, 0.4250000000000002, 0.4375000000000002, 0.45000000000000023, 0.46250000000000024, 0.47500000000000026, 0.48750000000000027, 0.5000000000000002]","[16, 16, 16, 16, 16, 16, 16, 16, 16, 16, 16, 16, 16, 16, 16, 16, 16, 16, 16, 16, 16, 16, 16, 16, 16, 16, 16, 16, 16, 16, 16, 16, 16, 16, 16, 16, 16, 16, 16, 16]","[11.090354888959125, 11.092678471024293, 11.09993973433191, 11.112192342082515, 11.129427905649006, 11.151634564679812, 11.178797077818, 11.210896896404735, 11.24791223282675, 11.289818127981723, 11.336586518620901, 11.388186304106947, 11.444583412134843, 11.5057408632617, 11.57161883442145, 11.642174721899115, 11.717363204490175, 11.797136307766058, 11.881443470502452, 11.970231614399808, 12.063445218232903, 12.161026397509755, 12.262914990602685, 12.36904865214295, 12.479362954254569, 12.593791495954994, 12.712266020783726, 12.83471654244981, 12.961071478028906, 13.091257788003913, 13.225201122239708, 13.362825970821294, 13.504055818569006, 13.648813301976547, 13.797020367294929, 13.948598428503646, 14.103468523962453, 14.261551470615691, 14.422768014716588, 14.587038978144953, 14.754285399500144]",14.855102149128335,0,16,0,0.00625
Square,4,4,0.5,periodic,periodic,finite,"[0.0, 0.0125, 0.025, 0.037500000000000006, 0.05, 0.0625, 0.075, 0.0875, 0.09999999999999999, 0.11249999999999999, 0.12499999999999999, 0.13749999999999998, 0.15, 0.1625, 0.17500000000000002, 0.18750000000000003, 0.20000000000000004, 0.21250000000000005, 0.22500000000000006, 0.23750000000000007, 0.25000000000000006, 0.26250000000000007, 0.2750000000000001, 0.2875000000000001, 0.3000000000000001, 0.3125000000000001, 0.3250000000000001, 0.33750000000000013, 0.35000000000000014, 0.36250000000000016, 0.37500000000000017, 0.3875000000000002, 0.4000000000000002, 0.4125000000000002, 0.4250000000000002, 0.4375000000000002, 0.45000000000000023, 0.46250000000000024, 0.47500000000000026, 0.48750000000000027, 0.5000000000000002]","[39, 64, 64, 64, 64, 64, 64, 64, 64, 64, 64, 64, 64, 64, 64, 64, 64, 64, 64, 64, 64, 64, 64, 64, 64, 64, 64, 64, 64, 64, 64, 64, 64, 64, 64, 64, 64, 64, 64, 64]","[11.090354888959125, 11.092678485799416, 11.099940464587435, 11.112197116716711, 11.12944462541952, 11.15167748592629, 11.17888842795469, 11.211068319399727, 11.248206053921932, 11.290288425388393, 11.33729999226133, 11.389222935116809, 11.446036910511205, 11.507718904376127, 11.57424308802225, 11.645580679704793, 11.721699814590513, 11.802565425894318, 11.888139139918227, 11.978379187695511, 12.073240335877111, 12.172673839363876, 12.27662741796621, 12.385045259055453, 12.497868047759065, 12.615033025752298, 12.736474079125493, 12.862121855180444, 12.991903907356201, 13.125744866834664, 13.263566638760068, 13.405288620650518, 13.550827967742167, 13.70009998914397, 13.85301815800817, 14.009494397354436, 14.169439415672755, 14.33276298490929, 14.49937421323578, 14.66918181137565, 14.842094350156119]",14.855102149128335,0,64,0,0.00625
Square,4,4,0.5,periodic,periodic,finite,"[0.0, 0.0125, 0.025, 0.037500000000000006, 0.05, 0.0625, 0.075, 0.0875, 0.09999999999999999, 0.11249999999999999, 0.12499999999999999, 0.13749999999999998, 0.15, 0.1625, 0.17500000000000002, 0.18750000000000003, 0.20000000000000004, 0.21250000000000005, 0.22500000000000006, 0.23750000000000007, 0.25000000000000006, 0.26250000000000007, 0.2750000000000001, 0.2875000000000001, 0.3000000000000001, 0.3125000000000001, 0.3250000000000001, 0.33750000000000013, 0.35000000000000014, 0.36250000000000016, 0.37500000000000017, 0.3875000000000002, 0.4000000000000002, 0.4125000000000002, 0.4250000000000002, 0.4375000000000002, 0.45000000000000023, 0.46250000000000024, 0.47500000000000026, 0.48750000000000027, 0.5000000000000002]","[39, 96, 162, 163, 173, 200, 200, 200, 200, 200, 200, 200, 200, 200, 200, 200, 200, 200, 200, 200, 200, 200, 200, 200, 200, 200, 200, 200, 200, 200, 200, 200, 200, 200, 200, 200, 200, 200, 200, 200]","[11.090354888959125, 11.092678485799416, 11.099940464626684, 11.112197118003635, 11.129444636349554, 11.151677537116926, 11.17888859892687, 11.211068778167824, 11.248207109347849, 11.290290590820753, 11.337304057844252, 11.389230045268395, 11.446048642485934, 11.507737343590904, 11.574270895973925, 11.645621150817957, 11.721756919130183, 11.80264383704076, 11.888244244103017, 11.978517078233612, 12.07341779072825, 12.172898284477728, 12.276906878095174, 12.385388298155654, 12.498283701161647, 12.615530726198577, 12.737063578558217, 12.862813143909088, 12.992707131907869, 13.126670247500025, 13.264624387574266, 13.406488860134406, 13.552180622748677, 13.701614536740971, 13.85470363340586, 14.011359388458905, 14.171492000970218, 14.33501067316331, 14.50182388767925, 14.67183967919369, 14.844965897614042]",14.855102149128335,0,200,0,0.00625
Square,4,4,0.5,periodic,periodic,finite,"[0.0, 0.0125, 0.025, 0.037500000000000006, 0.05, 0.0625, 0.075, 0.0875, 0.09999999999999999, 0.11249999999999999, 0.12499999999999999, 0.13749999999999998, 0.15, 0.1625, 0.17500000000000002, 0.18750000000000003, 0.20000000000000004, 0.21250000000000005, 0.22500000000000006, 0.23750000000000007, 0.25000000000000006, 0.26250000000000007, 0.2750000000000001, 0.2875000000000001, 0.3000000000000001, 0.3125000000000001, 0.3250000000000001, 0.33750000000000013, 0.35000000000000014, 0.36250000000000016, 0.37500000000000017, 0.3875000000000002, 0.4000000000000002, 0.4125000000000002, 0.4250000000000002, 0.4375000000000002, 0.45000000000000023, 0.46250000000000024, 0.47500000000000026, 0.48750000000000027, 0.5000000000000002]","[4, 4, 4, 4, 4, 4, 4, 4, 4, 4, 4, 4, 4, 4, 4, 4, 4, 4, 4, 4, 4, 4, 4, 4, 4, 4, 4, 4, 4, 4, 4, 4, 4, 4, 4, 4, 4, 4, 4, 4]","[11.090354888959125, 11.092303627765803, 11.098154612594856, 11.107913826586563, 11.121586766473543, 11.139178826960686, 11.160695178838273, 11.186140604198666, 11.215519303585983, 11.248834677838033, 11.28608908681464, 11.327283587652603, 11.372417655869626, 11.421488893401538, 11.474492728437232, 11.531422112670196, 11.592267222269909, 11.657015169441454, 11.725649731831332, 11.798151107192803, 11.874495700590414, 11.954655950957957, 12.038600203007942, 12.126292629333964, 12.217693206095813, 12.312757744008163, 12.411437974569823, 12.513681689687497, 12.61943293117979, 12.728632225194733, 12.841216855412533, 12.95712116808241, 13.076276901472191, 13.198613532180918, 13.32405863094262, 13.452538220983925, 13.583977132630991, 13.71829934863188, 13.855428335511643, 13.995287357158233, 14.137799767705257]",15.001440192945875,1,4,1,0.00625
Square,4,4,0.5,periodic,periodic,finite,"[0.0, 0.0125, 0.025, 0.037500000000000006, 0.05, 0.0625, 0.075, 0.0875, 0.09999999999999999, 0.11249999999999999, 0.12499999999999999, 0.13749999999999998, 0.15, 0.1625, 0.17500000000000002, 0.18750000000000003, 0.20000000000000004, 0.21250000000000005, 0.22500000000000006, 0.23750000000000007, 0.25000000000000006, 0.26250000000000007, 0.2750000000000001, 0.2875000000000001, 0.3000000000000001, 0.3125000000000001, 0.3250000000000001, 0.33750000000000013, 0.35000000000000014, 0.36250000000000016, 0.37500000000000017, 0.3875000000000002, 0.4000000000000002, 0.4125000000000002, 0.4250000000000002, 0.4375000000000002, 0.45000000000000023, 0.46250000000000024, 0.47500000000000026, 0.48750000000000027, 0.5000000000000002]","[16, 16, 16, 16, 16, 16, 16, 16, 16, 16, 16, 16, 16, 16, 16, 16, 16, 16, 16, 16, 16, 16, 16, 16, 16, 16, 16, 16, 16, 16, 16, 16, 16, 16, 16, 16, 16, 16, 16, 16]","[11.090354888959125, 11.092678600584158, 11.09994180737846, 11.112202920037952, 11.12946143791904, 11.151716326511169, 11.178965879162954, 11.211207530198067, 11.248437618249033, 11.290651099744883, 11.337841215026968, 11.389999111368201, 11.447113429034014, 11.509169858344464, 11.576150677444495, 11.648034282094747, 11.72479472017261, 11.806401244619702, 11.892817899182534, 11.984003151371395, 12.07990958653171, 12.180483675740907, 12.285665628413303, 12.395389338065504, 12.509582426766404, 12.628166390512286, 12.751056844306772, 12.878163862282035, 13.009392404967839, 13.144642822975518, 13.283811424060456, 13.42679108885873, 13.573471919613011, 13.723741905913098, 13.877487591842462, 14.034594729882597, 14.194948908408268, 14.358436141533582, 14.5249434123645, 14.694359163288722, 14.86657372966701]",15.001440192945875,1,16,1,0.00625
Square,4,4,0.5,periodic,periodic,finite,"[0.0, 0.0125, 0.025, 0.037500000000000006, 0.05, 0.0625, 0.075, 0.0875, 0.09999999999999999, 0.11249999999999999, 0.12499999999999999, 0.13749999999999998, 0.15, 0.1625, 0.17500000000000002, 0.18750000000000003, 0.20000000000000004, 0.21250000000000005, 0.22500000000000006, 0.23750000000000007, 0.25000000000000006, 0.26250000000000007, 0.2750000000000001, 0.2875000000000001, 0.3000000000000001, 0.3125000000000001, 0.3250000000000001, 0.33750000000000013, 0.35000000000000014, 0.36250000000000016, 0.37500000000000017, 0.3875000000000002, 0.4000000000000002, 0.4125000000000002, 0.4250000000000002, 0.4375000000000002, 0.45000000000000023, 0.46250000000000024, 0.47500000000000026, 0.48750000000000027, 0.5000000000000002]","[40, 64, 64, 64, 64, 64, 64, 64, 64, 64, 64, 64, 64, 64, 64, 64, 64, 64, 64, 64, 64, 64, 64, 64, 64, 64, 64, 64, 64, 64, 64, 64, 64, 64, 64, 64, 64, 64, 64, 64]","[11.090354888959125, 11.092678615564996, 11.099942568337829, 11.112208025718981, 11.129479582838824, 11.151763445160281, 11.17906719114838, 11.211399466735893, 11.248769612523938, 11.29118722506752, 11.338661654226732, 11.391201439566828, 11.448813690241408, 11.511503414692946, 11.579272808776407, 11.652120513441169, 11.730040855762953, 11.813023089737838, 11.901050655622745, 11.994100478479007, 12.092142327746599, 12.195138284844065, 12.303042323743506, 12.415799944508862, 12.533348010367723, 12.65561470013157, 12.78251967821511, 12.913974231049641, 13.049881744745976, 13.19013828307374, 13.33463332862335, 13.483250595188515, 13.635868780627028, 13.792362430082333, 13.95260292266044, 14.116459456577555, 14.283800017376326, 14.454492327189433, 14.628404720698182, 14.805406884594175, 14.985370542118973]",15.001440192945875,1,64,1,0.00625
Square,4,4,0.5,periodic,periodic,finite,"[0.0, 0.0125, 0.025, 0.037500000000000006, 0.05, 0.0625, 0.075, 0.0875, 0.09999999999999999, 0.11249999999999999, 0.12499999999999999, 0.13749999999999998, 0.15, 0.1625, 0.17500000000000002, 0.18750000000000003, 0.20000000000000004, 0.21250000000000005, 0.22500000000000006, 0.23750000000000007, 0.25000000000000006, 0.26250000000000007, 0.2750000000000001, 0.2875000000000001, 0.3000000000000001, 0.3125000000000001, 0.3250000000000001, 0.33750000000000013, 0.35000000000000014, 0.36250000000000016, 0.37500000000000017, 0.3875000000000002, 0.4000000000000002, 0.4125000000000002, 0.4250000000000002, 0.4375000000000002, 0.45000000000000023, 0.46250000000000024, 0.47500000000000026, 0.48750000000000027, 0.5000000000000002]","[40, 96, 161, 163, 175, 200, 200, 200, 200, 200, 200, 200, 200, 200, 200, 200, 200, 200, 200, 200, 200, 200, 200, 200, 200, 200, 200, 200, 200, 200, 200, 200, 200, 200, 200, 200, 200, 200, 200, 200]","[11.090354888959125, 11.092678615564996, 11.099942568378257, 11.112208027101042, 11.129479595075779, 11.151763503933662, 11.179067390347116, 11.21140000592278, 11.248770859431259, 11.291189791170781, 11.338666480275393, 11.391209887231065, 11.448827635752044, 11.511525340455973, 11.57930588938157, 11.652168693196382, 11.730108915783248, 11.813116703576785, 11.901176433327471, 11.994265999674145, 12.092356164794591, 12.195409992302485, 12.303382386350707, 12.416219754546237, 12.533859809832023, 12.656231522090224, 12.7832552251002, 12.914842878940968, 13.050898482303689, 13.191318623824598, 13.335993156790387, 13.484805977680395, 13.63763588618968, 13.794357502731573, 13.95484221896023, 14.118959157509908, 14.286576118774349, 14.457560494951705, 14.631780134535195, 14.809104143710094, 14.989403614508477]",15.001440192945875,1,200,1,0.00625
Square,4,4,0.5,periodic,periodic,finite,"[0.0, 0.0125, 0.025, 0.037500000000000006, 0.05, 0.0625, 0.075, 0.0875, 0.09999999999999999, 0.11249999999999999, 0.12499999999999999, 0.13749999999999998, 0.15, 0.1625, 0.17500000000000002, 0.18750000000000003, 0.20000000000000004, 0.21250000000000005, 0.22500000000000006, 0.23750000000000007, 0.25000000000000006, 0.26250000000000007, 0.2750000000000001, 0.2875000000000001, 0.3000000000000001, 0.3125000000000001, 0.3250000000000001, 0.33750000000000013, 0.35000000000000014, 0.36250000000000016, 0.37500000000000017, 0.3875000000000002, 0.4000000000000002, 0.4125000000000002, 0.4250000000000002, 0.4375000000000002, 0.45000000000000023, 0.46250000000000024, 0.47500000000000026, 0.48750000000000027, 0.5000000000000002]","[4, 4, 4, 4, 4, 4, 4, 4, 4, 4, 4, 4, 4, 4, 4, 4, 4, 4, 4, 4, 4, 4, 4, 4, 4, 4, 4, 4, 4, 4, 4, 4, 4, 4, 4, 4, 4, 4, 4, 4]","[11.090354888959125, 11.092307023143187, 11.098162198422669, 11.107915276950724, 11.121555898399885, 11.139068490230658, 11.160432243192338, 11.18562115275486, 11.21460412023342, 11.247345108405133, 11.2838033474453, 11.323933586904142, 11.367686388782666, 11.415008456000644, 11.465842989916942, 11.5201300701548, 11.577807049818736, 11.638808959252609, 11.703068911751725, 11.77051850507299, 11.841088213151256, 11.9147077630917, 11.991306493233456, 12.070813688836784, 12.15315889270656, 12.238272188804062, 12.326084457596831, 12.416527602537846, 12.509534747638858, 12.605040406602757, 12.702980624402707, 12.803293092542443, 12.905917239505092, 13.0107942981027, 13.11786735158039, 13.227081360416125, 13.338383171795725, 13.451721513741017, 13.56704697583363, 13.684311978415074, 13.803470732060648]",14.680175922215296,2,4,2,0.00625
Square,4,4,0.5,periodic,periodic,finite,"[0.0, 0.0125, 0.025, 0.037500000000000006, 0.05, 0.0625, 0.075, 0.0875, 0.09999999999999999, 0.11249999999999999, 0.12499999999999999, 0.13749999999999998, 0.15, 0.1625, 0.17500000000000002, 0.18750000000000003, 0.20000000000000004, 0.21250000000000005, 0.22500000000000006, 0.23750000000000007, 0.25000000000000006, 0.26250000000000007, 0.2750000000000001, 0.2875000000000001, 0.3000000000000001, 0.3125000000000001, 0.3250000000000001, 0.33750000000000013, 0.35000000000000014, 0.36250000000000016, 0.37500000000000017, 0.3875000000000002, 0.4000000000000002, 0.4125000000000002, 0.4250000000000002, 0.4375000000000002, 0.45000000000000023, 0.46250000000000024, 0.47500000000000026, 0.48750000000000027, 0.5000000000000002]","[16, 16, 16, 16, 16, 16, 16, 16, 16, 16, 16, 16, 16, 16, 16, 16, 16, 16, 16, 16, 16, 16, 16, 16, 16, 16, 16, 16, 16, 16, 16, 16, 16, 16, 16, 16, 16, 16, 16, 16]","[11.090354888959125, 11.092736829997195, 11.100073446837012, 11.112393248645214, 11.129678760460191, 11.151905624830144, 11.179042802309803, 11.211052828176038, 11.247892120719422, 11.289511336914527, 11.33585577093708, 11.386865790398202, 11.442477304671364, 11.50262225924229, 11.567229149653246, 11.63622354836625, 11.709528637755124, 11.787065742471013, 11.868754854618441, 11.95451514552975, 12.044265458424459, 12.137924776865797, 12.235412664650598, 12.336649673555074, 12.441557716170784, 12.550060401865737, 12.66208333466441, 12.777554372531807, 12.896403848153914, 13.01856475182052, 13.143972877433411, 13.272566932986082, 13.404288617097336, 13.539082663339226, 13.676896854190927, 13.817682006485589, 13.961391930208292, 14.107983362461896, 14.257415878353529, 14.40965178047887, 14.564655968603173]",14.680175922215296,2,16,2,0.00625
Square,4,4,0.5,periodic,periodic,finite,"[0.0, 0.0125, 0.025, 0.037500000000000006, 0.05, 0.0625, 0.075, 0.0875, 0.09999999999999999, 0.11249999999999999, 0.12499999999999999, 0.13749999999999998, 0.15, 0.1625, 0.17500000000000002, 0.18750000000000003, 0.20000000000000004, 0.21250000000000005, 0.22500000000000006, 0.23750000000000007, 0.25000000000000006, 0.26250000000000007, 0.2750000000000001, 0.2875000000000001, 0.3000000000000001, 0.3125000000000001, 0.3250000000000001, 0.33750000000000013, 0.35000000000000014, 0.36250000000000016, 0.37500000000000017, 0.3875000000000002, 0.4000000000000002, 0.4125000000000002, 0.4250000000000002, 0.4375000000000002, 0.45000000000000023, 0.46250000000000024, 0.47500000000000026, 0.48750000000000027, 0.5000000000000002]","[41, 64, 64, 64, 64, 64, 64, 64, 64, 64, 64, 64, 64, 64, 64, 64, 64, 64, 64, 64, 64, 64, 64, 64, 64, 64, 64, 64, 64, 64, 64, 64, 64, 64, 64, 64, 64, 64, 64, 64]","[11.090354888959125, 11.092736849415077, 11.100074244315605, 11.112398295549534, 11.12969622026014, 11.151950241924197, 11.17913766627306, 11.21123098166894, 11.248197986069686, 11.290001942545466, 11.336601764883932, 11.387952234125416, 11.44400424596872, 11.504705087975706, 11.569998745324247, 11.63982623275501, 11.71412594218896, 11.792834009771607, 11.875884693751008, 11.963210757740537, 12.054743854158563, 12.15041490345786, 12.250154468756552, 12.353893113057001, 12.46156172622511, 12.573091852217798, 12.688415966503518, 12.80746770797623, 12.930182106938245, 13.056495780326985, 13.186347090734944, 13.31967627127481, 13.456425517048864, 13.596539044040926, 13.739963116648473, 13.886646045448582, 14.036538156613586, 14.189591732900473, 14.34576092443965, 14.50500163018755, 14.667271357216572]",14.680175922215296,2,64,2,0.00625
Square,4,4,0.5,periodic,periodic,finite,"[0.0, 0.0125, 0.025, 0.037500000000000006, 0.05, 0.0625, 0.075, 0.0875, 0.09999999999999999, 0.11249999999999999, 0.12499999999999999, 0.13749999999999998, 0.15, 0.1625, 0.17500000000000002, 0.18750000000000003, 0.20000000000000004, 0.21250000000000005, 0.22500000000000006, 0.23750000000000007, 0.25000000000000006, 0.26250000000000007, 0.2750000000000001, 0.2875000000000001, 0.3000000000000001, 0.3125000000000001, 0.3250000000000001, 0.33750000000000013, 0.35000000000000014, 0.36250000000000016, 0.37500000000000017, 0.3875000000000002, 0.4000000000000002, 0.4125000000000002, 0.4250000000000002, 0.4375000000000002, 0.45000000000000023, 0.46250000000000024, 0.47500000000000026, 0.48750000000000027, 0.5000000000000002]","[41, 103, 157, 163, 189, 200, 200, 200, 200, 200, 200, 200, 200, 200, 200, 200, 200, 200, 200, 200, 200, 200, 200, 200, 200, 200, 200, 200, 200, 200, 200, 200, 200, 200, 200, 200, 200, 200, 200, 200]","[11.090354888959125, 11.092736849415077, 11.100074244371486, 11.112398297167399, 11.129696233113025, 11.151950299975718, 11.17913785612219, 11.211231484614327, 11.24819913393305, 11.290004285862086, 11.33660615078368, 11.387959890230908, 11.444016866026155, 11.504724914740061, 11.570028645566858, 11.639869759066977, 11.71418738361531, 11.792918425848674, 11.87599793095838, 11.963359448345194, 12.054935397959598, 12.150657432593214, 12.250456791466727, 12.354264640663164, 12.462012396268884, 12.573632026487234, 12.689056329460024, 12.80821918404775, 12.931055771359329, 13.057502765367637, 13.187498491482284, 13.320983052463518, 13.457898421542096, 13.598188503054878, 13.741799161310569, 13.888678218767001, 14.038775424929824, 14.192042397677673, 14.348432538982076, 14.507900927226455, 14.670404188538926]",14.680175922215296,2,200,2,0.00625
Triangular,4,4,0.5,periodic,periodic,finite,"[0.0, 0.0125, 0.025, 0.037500000000000006, 0.05, 0.0625, 0.075, 0.0875, 0.09999999999999999, 0.11249999999999999, 0.12499999999999999, 0.13749999999999998, 0.15, 0.1625, 0.17500000000000002, 0.18750000000000003, 0.20000000000000004, 0.21250000000000005, 0.22500000000000006, 0.23750000000000007, 0.25000000000000006, 0.26250000000000007, 0.2750000000000001, 0.2875000000000001, 0.3000000000000001, 0.3125000000000001, 0.3250000000000001, 0.33750000000000013, 0.35000000000000014, 0.36250000000000016, 0.37500000000000017, 0.3875000000000002, 0.4000000000000002, 0.4125000000000002, 0.4250000000000002, 0.4375000000000002, 0.45000000000000023, 0.46250000000000024, 0.47500000000000026, 0.48750000000000027, 0.5000000000000002]","[4, 4, 4, 4, 4, 4, 4, 4, 4, 4, 4, 4, 4, 4, 4, 4, 4, 4, 4, 4, 4, 4, 4, 4, 4, 4, 4, 4, 4, 4, 4, 4, 4, 4, 4, 4, 4, 4, 4, 4]","[11.090354888959125, 11.093294780704088, 11.102160641950963, 11.116890854761783, 11.137377747781468, 11.1634987585863, 11.195119791021451, 11.232097866953135, 11.274283544290345, 11.32152316970431, 11.373660960637135, 11.430540894422181, 11.492008383285844, 11.557911721057428, 11.628103296076588, 11.702440573059086, 11.780786853655748, 11.863011830773376, 11.94899195538989, 12.038610636736978, 12.131758297581486, 12.22833230618461, 12.32823680562517, 12.431382459781918, 12.537686133584149, 12.647070523319638, 12.759463750952778, 12.874798934635336, 12.99301374593556, 13.114049962795002, 13.237853025852292, 13.36437160454476, 13.493557178301574, 13.625363637161305, 13.759746905270239, 13.89666458993305, 14.036075658187805, 14.177940142254775, 14.322218874660546, 14.468873253360277, 14.6178650367673]",16.07895351354057,0,4,0,0.00625
Triangular,4,4,0.5,periodic,periodic,finite,"[0.0, 0.0125, 0.025, 0.037500000000000006, 0.05, 0.0625, 0.075, 0.0875, 0.09999999999999999, 0.11249999999999999, 0.12499999999999999, 0.13749999999999998, 0.15, 0.1625, 0.17500000000000002, 0.18750000000000003, 0.20000000000000004, 0.21250000000000005, 0.22500000000000006, 0.23750000000000007, 0.25000000000000006, 0.26250000000000007, 0.2750000000000001, 0.2875000000000001, 0.3000000000000001, 0.3125000000000001, 0.3250000000000001, 0.33750000000000013, 0.35000000000000014, 0.36250000000000016, 0.37500000000000017, 0.3875000000000002, 0.4000000000000002, 0.4125000000000002, 0.4250000000000002, 0.4375000000000002, 0.45000000000000023, 0.46250000000000024, 0.47500000000000026, 0.48750000000000027, 0.5000000000000002]","[16, 16, 16, 16, 16, 16, 16, 16, 16, 16, 16, 16, 16, 16, 16, 16, 16, 16, 16, 16, 16, 16, 16, 16, 16, 16, 16, 16, 16, 16, 16, 16, 16, 16, 16, 16, 16, 16, 16, 16]","[11.090354888959125, 11.09404479656615, 11.105156475661802, 11.123645374700457, 11.149440354723515, 11.182460375973307, 11.222614602806935, 11.269802616327596, 11.323914745812251, 11.384832524410674, 11.452429267167961, 11.526570762111495, 11.607116058808106, 11.693918334032942, 11.786825811320663, 11.88568271023492, 11.99033020199186, 12.1006073502404, 12.216352018891381, 12.337401732459952, 12.46359447806174, 12.594769441693352, 12.730767674538207, 12.871432687661152, 13.0166109755522, 13.166152470564228, 13.319910931409293, 13.477744269602937, 13.639514818155119, 13.805089546981993, 13.9743402295301, 14.147143565029282, 14.323381260669734, 14.502940077861455, 14.685711846588875, 14.871593451711759, 15.060486794862701, 15.252298735324835, 15.44694101291561, 15.64433015543779, 15.844387372686281]",16.07895351354057,0,16,0,0.00625
Triangular,4,4,0.5,periodic,periodic,finite,"[0.0, 0.0125, 0.025, 0.037500000000000006, 0.05, 0.0625, 0.075, 0.0875, 0.09999999999999999, 0.11249999999999999, 0.12499999999999999, 0.13749999999999998, 0.15, 0.1625, 0.17500000000000002, 0.18750000000000003, 0.20000000000000004, 0.21250000000000005, 0.22500000000000006, 0.23750000000000007, 0.25000000000000006, 0.26250000000000007, 0.2750000000000001, 0.2875000000000001, 0.3000000000000001, 0.3125000000000001, 0.3250000000000001, 0.33750000000000013, 0.35000000000000014, 0.36250000000000016, 0.37500000000000017, 0.3875000000000002, 0.4000000000000002, 0.4125000000000002, 0.4250000000000002, 0.4375000000000002, 0.45000000000000023, 0.46250000000000024, 0.47500000000000026, 0.48750000000000027, 0.5000000000000002]","[42, 64, 64, 64, 64, 64, 64, 64, 64, 64, 64, 64, 64, 64, 64, 64, 64, 64, 64, 64, 64, 64, 64, 64, 64, 64, 64, 64, 64, 64, 64, 64, 64, 64, 64, 64, 64, 64, 64, 64]","[11.090354888959125, 11.094044871257779, 11.105159040966681, 11.123660269159656, 11.149489833047639, 11.182583970367048, 11.222873717966209, 11.270284739201289, 11.324737148077357, 11.38614534893715, 11.454417909796392, 11.529457481961217, 11.611160777128903, 11.699418612250831, 11.794116033899424, 11.895132529217067, 12.00234229489166, 12.115614584792699, 12.23481414598171, 12.359801722290944, 12.490434580132586, 12.626567063504549, 12.768051201926738, 12.91473734333776, 13.066474793297335, 13.223112516846454, 13.384500693715852, 13.550490706148333, 13.720934681062865, 13.895686609265603, 14.074602874500172, 14.257542674855268, 14.44436838621988, 14.634945871931938, 14.82914474022326, 15.026838552107682, 15.227904986109086, 15.432225978936755, 15.639687895006402, 15.85018174061441, 16.063603049158743]",16.07895351354057,0,64,0,0.00625
Triangular,4,4,0.5,periodic,periodic,finite,"[0.0, 0.0125, 0.025, 0.037500000000000006, 0.05, 0.0625, 0.075, 0.0875, 0.09999999999999999, 0.11249999999999999, 0.12499999999999999, 0.13749999999999998, 0.15, 0.1625, 0.17500000000000002, 0.18750000000000003, 0.20000000000000004, 0.21250000000000005, 0.22500000000000006, 0.23750000000000007, 0.25000000000000006, 0.26250000000000007, 0.2750000000000001, 0.2875000000000001, 0.3000000000000001, 0.3125000000000001, 0.3250000000000001, 0.33750000000000013, 0.35000000000000014, 0.36250000000000016, 0.37500000000000017, 0.3875000000000002, 0.4000000000000002, 0.4125000000000002, 0.4250000000000002, 0.4375000000000002, 0.45000000000000023, 0.46250000000000024, 0.47500000000000026, 0.48750000000000027, 0.5000000000000002]","[42, 126, 137, 161, 178, 182, 188, 194, 200, 200, 200, 200, 200, 200, 200, 200, 200, 200, 200, 200, 200, 200, 200, 200, 200, 200, 200, 200, 200, 200, 200, 200, 200, 200, 200, 200, 200, 200, 200, 200]","[11.090354888959125, 11.094044871257779, 11.105159040995806, 11.123660269618103, 11.14948983602652, 11.18258398365616, 11.22287376366821, 11.270284864761111, 11.324737446675718, 11.386145994131912, 11.454419206756105, 11.529459938643578, 11.611165198689887, 11.699426219892324, 11.794128602651162, 11.895152533878635, 12.002373080623299, 12.115660554089528, 12.234880937495555, 12.35989636925013, 12.4905656714847, 12.626744913063812, 12.76828799579076, 12.915047252582871, 13.066874046845099, 13.223619363049007, 13.385134379545555, 13.551271015827178, 13.721882447734393, 13.896823585410825, 14.075951510094818, 14.25912586705389, 14.446209213089652, 14.637067318044036, 14.8315694206119, 15.029588439505622, 15.231001141626171, 15.43568826937845, 15.643534629636378, 15.854429147126025, 16.06826488516612]",16.07895351354057,0,200,0,0.00625
Triangular,4,4,0.5,periodic,periodic,finite,"[0.0, 0.0125, 0.025, 0.037500000000000006, 0.05, 0.0625, 0.075, 0.0875, 0.09999999999999999, 0.11249999999999999, 0.12499999999999999, 0.13749999999999998, 0.15, 0.1625, 0.17500000000000002, 0.18750000000000003, 0.20000000000000004, 0.21250000000000005, 0.22500000000000006, 0.23750000000000007, 0.25000000000000006, 0.26250000000000007, 0.2750000000000001, 0.2875000000000001, 0.3000000000000001, 0.3125000000000001, 0.3250000000000001, 0.33750000000000013, 0.35000000000000014, 0.36250000000000016, 0.37500000000000017, 0.3875000000000002, 0.4000000000000002, 0.4125000000000002, 0.4250000000000002, 0.4375000000000002, 0.45000000000000023, 0.46250000000000024, 0.47500000000000026, 0.48750000000000027, 0.5000000000000002]","[4, 4, 4, 4, 4, 4, 4, 4, 4, 4, 4, 4, 4, 4, 4, 4, 4, 4, 4, 4, 4, 4, 4, 4, 4, 4, 4, 4, 4, 4, 4, 4, 4, 4, 4, 4, 4, 4, 4, 4]","[11.090354888959125, 11.093370577295543, 11.10239764558414, 11.117375261712967, 11.138218192997439, 11.16482912218778, 11.197101022295787, 11.234918920033468, 11.278161465465207, 11.326702396146693, 11.380411918133728, 11.43915800456256, 11.502807605243618, 11.571227759311832, 11.644286604172756, 11.721854276304331, 11.803803702169775, 11.890011280155472, 11.980357456834504, 12.074727202845644, 12.173010395213598, 12.275102114012656, 12.380902861917544, 12.490318715440413, 12.603261416578993, 12.719648413263831, 12.83940285645437, 12.962453561055314, 13.08873493705907, 13.21818689651269, 13.350754741095836, 13.486389034308536, 13.625045461524937, 13.766684680485564, 13.911272164183496, 14.05877803755158, 14.209176908875925, 14.362447696440283, 14.518573450537758, 14.67754117066094, 14.839341617387923]",16.246402884654035,1,4,1,0.00625
Triangular,4,4,0.5,periodic,periodic,finite,"[0.0, 0.0125, 0.025, 0.037500000000000006, 0.05, 0.0625, 0.075, 0.0875, 0.09999999999999999, 0.11249999999999999, 0.12499999999999999, 0.13749999999999998, 0.15, 0.1625, 0.17500000000000002, 0.18750000000000003, 0.20000000000000004, 0.21250000000000005, 0.22500000000000006, 0.23750000000000007, 0.25000000000000006, 0.26250000000000007, 0.2750000000000001, 0.2875000000000001, 0.3000000000000001, 0.3125000000000001, 0.3250000000000001, 0.33750000000000013, 0.35000000000000014, 0.36250000000000016, 0.37500000000000017, 0.3875000000000002, 0.4000000000000002, 0.4125000000000002, 0.4250000000000002, 0.4375000000000002, 0.45000000000000023, 0.46250000000000024, 0.47500000000000026, 0.48750000000000027, 0.5000000000000002]","[16, 16, 16, 16, 16, 16, 16, 16, 16, 16, 16, 16, 16, 16, 16, 16, 16, 16, 16, 16, 16, 16, 16, 16, 16, 16, 16, 16, 16, 16, 16, 16, 16, 16, 16, 16, 16, 16, 16, 16]","[11.090354888959125, 11.093863878916526, 11.104694856765226, 11.122821144447206, 11.148135717743788, 11.18052725362398, 11.219881266832799, 11.266081223206415, 11.319009608181855, 11.378548935425552, 11.444582679949098, 11.516996119458216, 11.59567706862642, 11.6805164935194, 11.77140899703586, 11.868253170418695, 11.970951810150941, 12.07941200352446, 12.193545089616682, 12.313266505197685, 12.4384955271705, 12.569154924547663, 12.705170533767376, 12.846470771481963, 12.992986098968865, 13.144648452196071, 13.301390651480778, 13.463145804725508, 13.629846718422838, 13.801425330898423, 13.977812182406604, 14.158935936429739, 14.344722965590075, 14.535097013784835, 14.72997894347927, 14.929286573693837, 15.132934610393932, 15.340834667098164, 15.552895369921, 15.769022538246842, 15.989119429984708]",16.246402884654035,1,16,1,0.00625
Triangular,4,4,0.5,periodic,periodic,finite,"[0.0, 0.0125, 0.025, 0.037500000000000006, 0.05, 0.0625, 0.075, 0.0875, 0.09999999999999999, 0.11249999999999999, 0.12499999999999999, 0.13749999999999998, 0.15, 0.1625, 0.17500000000000002, 0.18750000000000003, 0.20000000000000004, 0.21250000000000005, 0.22500000000000006, 0.23750000000000007, 0.25000000000000006, 0.26250000000000007, 0.2750000000000001, 0.2875000000000001, 0.3000000000000001, 0.3125000000000001, 0.3250000000000001, 0.33750000000000013, 0.35000000000000014, 0.36250000000000016, 0.37500000000000017, 0.3875000000000002, 0.4000000000000002, 0.4125000000000002, 0.4250000000000002, 0.4375000000000002, 0.45000000000000023, 0.46250000000000024, 0.47500000000000026, 0.48750000000000027, 0.5000000000000002]","[43, 64, 64, 64, 64, 64, 64, 64, 64, 64, 64, 64, 64, 64, 64, 64, 64, 64, 64, 64, 64, 64, 64, 64, 64, 64, 64, 64, 64, 64, 64, 64, 64, 64, 64, 64, 64, 64, 64, 64]","[11.090354888959125, 11.093863931710908, 11.104697279079339, 11.122836434189189, 11.148188194762469, 11.180660210412908, 11.220161574757805, 11.26660333936732, 11.319898950864589, 11.379964608269905, 11.446719537709871, 11.520086180303691, 11.599990288628556, 11.686360927300683, 11.779130375182682, 11.878233941798804, 11.983609728450727, 12.095198169375953, 12.212941498608867, 12.336783171773426, 12.466667197881327, 12.602537414945978, 12.744336701402766, 12.89200614546507, 13.045484315603739, 13.204706601357355, 13.369604282380932, 13.54010364977457, 13.716125430433895, 13.897584343495925, 14.084388802167945, 14.276440849814847, 14.473636213562015, 14.675864125650566, 14.883007397811433, 15.09494290877592, 15.311542201268859, 15.532672149007785, 15.75819569670544, 15.987972658333774, 16.221860552350744]",16.246402884654035,1,64,1,0.00625
Triangular,4,4,0.5,periodic,periodic,finite,"[0.0, 0.0125, 0.025, 0.037500000000000006, 0.05, 0.0625, 0.075, 0.0875, 0.09999999999999999, 0.11249999999999999, 0.12499999999999999, 0.13749999999999998, 0.15, 0.1625, 0.17500000000000002, 0.18750000000000003, 0.20000000000000004, 0.21250000000000005, 0.22500000000000006, 0.23750000000000007, 0.25000000000000006, 0.26250000000000007, 0.2750000000000001, 0.2875000000000001, 0.3000000000000001, 0.3125000000000001, 0.3250000000000001, 0.33750000000000013, 0.35000000000000014, 0.36250000000000016, 0.37500000000000017, 0.3875000000000002, 0.4000000000000002, 0.4125000000000002, 0.4250000000000002, 0.4375000000000002, 0.45000000000000023, 0.46250000000000024, 0.47500000000000026, 0.48750000000000027, 0.5000000000000002]","[43, 118, 138, 158, 170, 173, 178, 187, 193, 199, 200, 200, 200, 200, 200, 200, 200, 200, 200, 200, 200, 200, 200, 200, 200, 200, 200, 200, 200, 200, 200, 200, 200, 200, 200, 200, 200, 200, 200, 200]","[11.090354888959125, 11.093863931710908, 11.104697279095483, 11.12283643437242, 11.148188195870242, 11.180660215541408, 11.220161593592454, 11.266603398823063, 11.319899115115254, 11.37996501287365, 11.446720442664448, 11.520088046970079, 11.599993884991306, 11.686367464901704, 11.779141677987415, 11.878252629768463, 11.983639364550111, 12.09524348191787, 12.213008646448136, 12.336879995294165, 12.466803452202123, 12.602724960736419, 12.744589653815817, 12.892340980799931, 13.045919817010407, 13.205263583402516, 13.370305405822123, 13.540973343644422, 13.717189716430827, 13.898870554507173, 14.085925195133079, 14.278256040403365, 14.475758486518911, 14.678321027000361, 14.885825525258538, 15.098147645153448, 15.315157422201573, 15.53671995328096, 15.762696179276467, 15.992943733218354, 16.227317826084526]",16.246402884654035,1,200,1,0.00625
Triangular,4,4,0.5,periodic,periodic,finite,"[0.0, 0.0125, 0.025, 0.037500000000000006, 0.05, 0.0625, 0.075, 0.0875, 0.09999999999999999, 0.11249999999999999, 0.12499999999999999, 0.13749999999999998, 0.15, 0.1625, 0.17500000000000002, 0.18750000000000003, 0.20000000000000004, 0.21250000000000005, 0.22500000000000006, 0.23750000000000007, 0.25000000000000006, 0.26250000000000007, 0.2750000000000001, 0.2875000000000001, 0.3000000000000001, 0.3125000000000001, 0.3250000000000001, 0.33750000000000013, 0.35000000000000014, 0.36250000000000016, 0.37500000000000017, 0.3875000000000002, 0.4000000000000002, 0.4125000000000002, 0.4250000000000002, 0.4375000000000002, 0.45000000000000023, 0.46250000000000024, 0.47500000000000026, 0.48750000000000027, 0.5000000000000002]","[4, 4, 4, 4, 4, 4, 4, 4, 4, 4, 4, 4, 4, 4, 4, 4, 4, 4, 4, 4, 4, 4, 4, 4, 4, 4, 4, 4, 4, 4, 4, 4, 4, 4, 4, 4, 4, 4, 4, 4]","[11.090354888959125, 11.093376359454052, 11.102490652720965, 11.117752713957728, 11.139197999962526, 11.16684258242753, 11.200682781181603, 11.240695194577308, 11.286837115639223, 11.339047304718358, 11.397247077940293, 11.461341661440319, 11.531221755148653, 11.606765247085505, 11.687839019647164, 11.774300792785082, 11.866000954672693, 11.962784337700477, 12.06449190571912, 12.170962326716866, 12.282033413041644, 12.397543418472738, 12.517332187663019, 12.641242158589685, 12.76911922265284, 12.900813450006005, 13.0361796897023, 13.175078055432621, 13.317374308166693, 13.462940147027743, 13.611653419370223, 13.763398260400244, 13.91806517187692, 14.07555104853431, 14.235759159927303, 14.398599094472662, 14.563986671558824, 14.731843826754575, 14.902098474368376, 15.074684350903391, 15.249540842318769]",16.794817707890353,2,4,2,0.00625
Triangular,4,4,0.5,periodic,periodic,finite,"[0.0, 0.0125, 0.025, 0.037500000000000006, 0.05, 0.0625, 0.075, 0.0875, 0.09999999999999999, 0.11249999999999999, 0.12499999999999999, 0.13749999999999998, 0.15, 0.1625, 0.17500000000000002, 0.18750000000000003, 0.20000000000000004, 0.21250000000000005, 0.22500000000000006, 0.23750000000000007, 0.25000000000000006, 0.26250000000000007, 0.2750000000000001, 0.2875000000000001, 0.3000000000000001, 0.3125000000000001, 0.3250000000000001, 0.33750000000000013, 0.35000000000000014, 0.36250000000000016, 0.37500000000000017, 0.3875000000000002, 0.4000000000000002, 0.4125000000000002, 0.4250000000000002, 0.4375000000000002, 0.45000000000000023, 0.46250000000000024, 0.47500000000000026, 0.48750000000000027, 0.5000000000000002]","[16, 16, 16, 16, 16, 16, 16, 16, 16, 16, 16, 16, 16, 16, 16, 16, 16, 16, 16, 16, 16, 16, 16, 16, 16, 16, 16, 16, 16, 16, 16, 16, 16, 16, 16, 16, 16, 16, 16, 16]","[11.090354888959125, 11.09401612073196, 11.105181275223108, 11.123912781238099, 11.150231302017337, 11.184146526693333, 11.225657116889586, 11.274750702435659, 11.331403917960632, 11.3955824793096, 11.46724130248926, 11.546324670527087, 11.632766455206852, 11.72649040100708, 11.827410477727492, 11.93543130640021, 12.050448660434933, 12.172350040910832, 12.301015321890846, 12.436317458940037, 12.578123251919418, 12.726294151709837, 12.880687099771315, 13.041155389233776, 13.207549536365633, 13.379718151602116, 13.557508799711808, 13.740768839086499, 13.929346230572529, 14.12309030677692, 14.32185249343997, 14.525486975292075, 14.73385129977519, 14.946806913004028, 15.164219623200124, 15.38595998734062, 15.611903616710531, 15.841931396291036, 16.075929611493336, 16.31378997400405, 16.55540953721939]",16.794817707890353,2,16,2,0.00625
Triangular,4,4,0.5,periodic,periodic,finite,"[0.0, 0.0125, 0.025, 0.037500000000000006, 0.05, 0.0625, 0.075, 0.0875, 0.09999999999999999, 0.11249999999999999, 0.12499999999999999, 0.13749999999999998, 0.15, 0.1625, 0.17500000000000002, 0.18750000000000003, 0.20000000000000004, 0.21250000000000005, 0.22500000000000006, 0.23750000000000007, 0.25000000000000006, 0.26250000000000007, 0.2750000000000001, 0.2875000000000001, 0.3000000000000001, 0.3125000000000001, 0.3250000000000001, 0.33750000000000013, 0.35000000000000014, 0.36250000000000016, 0.37500000000000017, 0.3875000000000002, 0.4000000000000002, 0.4125000000000002, 0.4250000000000002, 0.4375000000000002, 0.45000000000000023, 0.46250000000000024, 0.47500000000000026, 0.48750000000000027, 0.5000000000000002]","[43, 64, 64, 64, 64, 64, 64, 64, 64, 64, 64, 64, 64, 64, 64, 64, 64, 64, 64, 64, 64, 64, 64, 64, 64, 64, 64, 64, 64, 64, 64, 64, 64, 64, 64, 64, 64, 64, 64, 64]","[11.090354888959125, 11.094016192589326, 11.105183941985626, 11.12392861292368, 11.150284263613438, 11.18427900930662, 11.225934537343443, 11.275265557502818, 11.332279223863221, 11.396974523186909, 11.469341663414045, 11.549361479449033, 11.637004885959781, 11.73223240421208, 11.834993789717629, 11.945227787760919, 12.062862043526694, 12.187813161085412, 12.319986950150648, 12.459278809577622, 12.605574229181453, 12.758749462846081, 12.918672318872048, 13.085203041812921, 13.258195263509073, 13.437497288005634, 13.622953989368792, 13.814405995508023, 14.011691105013044, 14.214645413017836, 14.423104277184144, 14.636903567237049, 14.85587996608987, 15.079870974418865, 15.308716103969598, 15.542257384503783, 15.780338749437187, 16.022806243185123, 16.269508688515714, 16.52029802238417, 16.775029408574614]",16.794817707890353,2,64,2,0.00625
Triangular,4,4,0.5,periodic,periodic,finite,"[0.0, 0.0125, 0.025, 0.037500000000000006, 0.05, 0.0625, 0.075, 0.0875, 0.09999999999999999, 0.11249999999999999, 0.12499999999999999, 0.13749999999999998, 0.15, 0.1625, 0.17500000000000002, 0.18750000000000003, 0.20000000000000004, 0.21250000000000005, 0.22500000000000006, 0.23750000000000007, 0.25000000000000006, 0.26250000000000007, 0.2750000000000001, 0.2875000000000001, 0.3000000000000001, 0.3125000000000001, 0.3250000000000001, 0.33750000000000013, 0.35000000000000014, 0.36250000000000016, 0.37500000000000017, 0.3875000000000002, 0.4000000000000002, 0.4125000000000002, 0.4250000000000002, 0.4375000000000002, 0.45000000000000023, 0.46250000000000024, 0.47500000000000026, 0.48750000000000027, 0.5000000000000002]","[43, 125, 142, 162, 174, 178, 184, 195, 199, 200, 200, 200, 200, 200, 200, 200, 200, 200, 200, 200, 200, 200, 200, 200, 200, 200, 200, 200, 200, 200, 200, 200, 200, 200, 200, 200, 200, 200, 200, 200]","[11.090354888959125, 11.094016192589326, 11.105183942018607, 11.123928613442656, 11.150284266896909, 11.184279022062846, 11.22593457187581, 11.27526564740197, 11.332279445919081, 11.396975039209135, 11.469342783367061, 11.549363754537199, 11.637009236581854, 11.732240286561183, 11.835007402006113, 11.945250310402487, 12.06289789633262, 12.187868275727853, 12.320069020144343, 12.459397527394971, 12.605741528742694, 12.758979717607806, 12.918982480676874, 13.085612709609384, 13.25872667026566, 13.438174906447014, 13.623803156367046, 13.815453262210497, 14.012964055901088, 14.216172207306794, 14.424913024303363, 14.63902119717973, 14.85833148264632, 15.082679325096551, 15.311901414726824, 15.545836183636196, 15.784324242134337, 16.027208758236103, 16.274335783777268, 16.525554530812993, 16.780717602021756]",16.794817707890353,2,200,2,0.00625
Square,5,5,0.5,open,open,finite,"[0.0, 0.0125, 0.025, 0.037500000000000006, 0.05, 0.0625, 0.075, 0.0875, 0.09999999999999999, 0.11249999999999999, 0.12499999999999999, 0.13749999999999998, 0.15, 0.1625, 0.17500000000000002, 0.18750000000000003, 0.20000000000000004, 0.21250000000000005, 0.22500000000000006, 0.23750000000000007, 0.25000000000000006, 0.26250000000000007, 0.2750000000000001, 0.2875000000000001, 0.3000000000000001, 0.3125000000000001, 0.3250000000000001, 0.33750000000000013, 0.35000000000000014, 0.36250000000000016, 0.37500000000000017, 0.3875000000000002, 0.4000000000000002, 0.4125000000000002, 0.4250000000000002, 0.4375000000000002, 0.45000000000000023, 0.46250000000000024, 0.47500000000000026, 0.48750000000000027, 0.5000000000000002]","[4, 4, 4, 4, 4, 4, 4, 4, 4, 4, 4, 4, 4, 4, 4, 4, 4, 4, 4, 4, 4, 4, 4, 4, 4, 4, 4, 4, 4, 4, 4, 4, 4, 4, 4, 4, 4, 4, 4, 4]","[17.328679513998633, 17.331042636391768, 17.338229554813203, 17.35033641428862, 17.367436878806267, 17.389523257460098, 17.416584588888842, 17.44860665725407, 17.48557203753304, 17.52746016458593, 17.574247420593135, 17.625907236518017, 17.68241020379013, 17.743724192770483, 17.809814474902034, 17.88064384581655, 17.956172747082782, 18.036359384734435, 18.121159843197628, 18.210528193728358, 18.30441659695114, 18.40277539954198, 18.50555322550462, 18.612697062834254, 18.724152346637094, 18.83986303996953, 18.95977171377466, 19.08381962732668, 19.211946810549488, 19.344092149461765, 19.480193475826713, 19.62018766186182, 19.764010720605604, 19.911597912257292, 20.062883856515462, 20.217802650655, 20.376287992810113, 20.538273309684193, 20.703691887692802, 20.872477006370783, 21.044562072740927]",22.105272906035324,0,4,0,0.00625
Square,5,5,0.5,open,open,finite,"[0.0, 0.0125, 0.025, 0.037500000000000006, 0.05, 0.0625, 0.075, 0.0875, 0.09999999999999999, 0.11249999999999999, 0.12499999999999999, 0.13749999999999998, 0.15, 0.1625, 0.17500000000000002, 0.18750000000000003, 0.20000000000000004, 0.21250000000000005, 0.22500000000000006, 0.23750000000000007, 0.25000000000000006, 0.26250000000000007, 0.2750000000000001, 0.2875000000000001, 0.3000000000000001, 0.3125000000000001, 0.3250000000000001, 0.33750000000000013, 0.35000000000000014, 0.36250000000000016, 0.37500000000000017, 0.3875000000000002, 0.4000000000000002, 0.4125000000000002, 0.4250000000000002, 0.4375000000000002, 0.45000000000000023, 0.46250000000000024, 0.47500000000000026, 0.48750000000000027, 0.5000000000000002]","[16, 16, 16, 16, 16, 16, 16, 16, 16, 16, 16, 16, 16, 16, 16, 16, 16, 16, 16, 16, 16, 16, 16, 16, 16, 16, 16, 16, 16, 16, 16, 16, 16, 16, 16, 16, 16, 16, 16, 16]","[17.328679513998633, 17.331218343027924, 17.339809607021383, 17.354645816121504, 17.3757224224816, 17.40303282792016, 17.436568321446533, 17.47631799651271, 17.52226865440076, 17.574404696609434, 17.632708009385855, 17.697157843721612, 17.767730694196608, 17.844400180013896, 17.927136931432972, 18.015908484592345, 18.110679187430367, 18.21141011908569, 18.31805902480308, 18.430580268006217, 18.548924800840517, 18.67304015415065, 18.802870447546407, 18.93835641993297, 19.079435480636924, 19.226041781045826, 19.378106306489325, 19.53555698791791, 19.698318832771392, 19.866314074266388, 20.03946233816382, 20.21768082589929, 20.40088451277088, 20.588986359681385, 20.781897536730806, 20.979527656756527, 21.181785016732743, 21.388576844776317, 21.599809550374044, 21.815388975354285, 22.035220643082653]",22.105272906035324,0,16,0,0.00625
Square,5,5,0.5,open,open,finite,"[0.0, 0.0125, 0.025, 0.037500000000000006, 0.05, 0.0625, 0.075, 0.0875, 0.09999999999999999, 0.11249999999999999, 0.12499999999999999, 0.13749999999999998, 0.15, 0.1625, 0.17500000000000002, 0.18750000000000003, 0.20000000000000004, 0.21250000000000005, 0.22500000000000006, 0.23750000000000007, 0.25000000000000006, 0.26250000000000007, 0.2750000000000001, 0.2875000000000001, 0.3000000000000001, 0.3125000000000001, 0.3250000000000001, 0.33750000000000013, 0.35000000000000014, 0.36250000000000016, 0.37500000000000017, 0.3875000000000002, 0.4000000000000002, 0.4125000000000002, 0.4250000000000002, 0.4375000000000002, 0.45000000000000023, 0.46250000000000024, 0.47500000000000026, 0.48750000000000027, 0.5000000000000002]","[20, 30, 35, 35, 35, 37, 41, 43, 43, 45, 46, 46, 46, 46, 46, 46, 46, 46, 46, 47, 47, 48, 48, 49, 50, 50, 50, 51, 51, 51, 51, 52, 53, 53, 53, 54, 54, 54, 54, 54]","[17.328679513998633, 17.33121834340926, 17.339809645877285, 17.35464597821628, 17.37572282128548, 17.403033676498215, 17.43657005447087, 17.476321460674217, 17.522275378235232, 17.574417248228837, 17.63273044708229, 17.697196261246578, 17.767793859180717, 17.84450026068303, 17.92729030361441, 18.016136608086747, 18.111009538240257, 18.21187716181024, 18.318705207786174, 18.43145702258992, 18.55009352538047, 18.674573163298394, 18.804851867620616, 18.940883012034263, 19.082617374447228, 19.230003103945442, 19.382985694671195, 19.54150796851206, 19.705510068534007, 19.874929465071222, 20.049700976279112, 20.22975680477037, 20.41502659167729, 20.605437489127343, 20.800914251686383, 21.001379346850946, 21.20675308416422, 21.416953762012216, 21.631897830643105, 21.851500069489727, 22.075673776469962]",22.105272906035324,0,64,0,0.00625
Square,5,5,0.5,open,open,finite,"[0.0, 0.0125, 0.025, 0.037500000000000006, 0.05, 0.0625, 0.075, 0.0875, 0.09999999999999999, 0.11249999999999999, 0.12499999999999999, 0.13749999999999998, 0.15, 0.1625, 0.17500000000000002, 0.18750000000000003, 0.20000000000000004, 0.21250000000000005, 0.22500000000000006, 0.23750000000000007, 0.25000000000000006, 0.26250000000000007, 0.2750000000000001, 0.2875000000000001, 0.3000000000000001, 0.3125000000000001, 0.3250000000000001, 0.33750000000000013, 0.35000000000000014, 0.36250000000000016, 0.37500000000000017, 0.3875000000000002, 0.4000000000000002, 0.4125000000000002, 0.4250000000000002, 0.4375000000000002, 0.45000000000000023, 0.46250000000000024, 0.47500000000000026, 0.48750000000000027, 0.5000000000000002]","[20, 30, 35, 35, 35, 37, 41, 43, 43, 45, 46, 46, 46, 46, 46, 46, 46, 46, 46, 47, 47, 48, 48, 49, 50, 50, 50, 51, 51, 51, 51, 52, 53, 53, 53, 54, 54, 54, 54, 54]","[17.328679513998633, 17.33121834340926, 17.339809645877285, 17.35464597821628, 17.37572282128548, 17.403033676498215, 17.43657005447087, 17.476321460674217, 17.522275378235232, 17.574417248228837, 17.63273044708229, 17.697196261246578, 17.767793859180717, 17.84450026068303, 17.92729030361441, 18.016136608086747, 18.111009538240257, 18.21187716181024, 18.318705207786174, 18.43145702258992, 18.55009352538047, 18.674573163298394, 18.804851867620616, 18.940883012034263, 19.082617374447228, 19.230003103945442, 19.382985694671195, 19.54150796851206, 19.705510068534007, 19.874929465071222, 20.049700976279112, 20.22975680477037, 20.41502659167729, 20.605437489127343, 20.800914251686383, 21.001379346850946, 21.20675308416422, 21.416953762012216, 21.631897830643105, 21.851500069489727, 22.075673776469962]",22.105272906035324,0,200,0,0.00625
Square,5,5,0.5,open,open,finite,"[0.0, 0.0125, 0.025, 0.037500000000000006, 0.05, 0.0625, 0.075, 0.0875, 0.09999999999999999, 0.11249999999999999, 0.12499999999999999, 0.13749999999999998, 0.15, 0.1625, 0.17500000000000002, 0.18750000000000003, 0.20000000000000004, 0.21250000000000005, 0.22500000000000006, 0.23750000000000007, 0.25000000000000006, 0.26250000000000007, 0.2750000000000001, 0.2875000000000001, 0.3000000000000001, 0.3125000000000001, 0.3250000000000001, 0.33750000000000013, 0.35000000000000014, 0.36250000000000016, 0.37500000000000017, 0.3875000000000002, 0.4000000000000002, 0.4125000000000002, 0.4250000000000002, 0.4375000000000002, 0.45000000000000023, 0.46250000000000024, 0.47500000000000026, 0.48750000000000027, 0.5000000000000002]","[4, 4, 4, 4, 4, 4, 4, 4, 4, 4, 4, 4, 4, 4, 4, 4, 4, 4, 4, 4, 4, 4, 4, 4, 4, 4, 4, 4, 4, 4, 4, 4, 4, 4, 4, 4, 4, 4, 4, 4]","[17.328679513998633, 17.331042607957095, 17.338228658807658, 17.35033107826477, 17.367419267360315, 17.389479979653352, 17.416495503441638, 17.44844378908988, 17.485298616764663, 17.527029796019878, 17.573603390729573, 17.624981963360206, 17.68112483290285, 17.741988341147966, 17.807526122440617, 17.877689372609133, 17.95242711339764, 18.03168644942431, 18.115412815400905, 18.20355021205204, 18.296041429837075, 18.392828260176763, 18.493851694403418, 18.5990521110728, 18.70836945259186, 18.82174339232669, 18.93911349346364, 19.060419360910938, 19.185600787459578, 19.314597895284024, 19.44735127367064, 19.583802113629382, 19.72389233978773, 19.867564739699183, 20.014763090433764, 20.165432282066618, 20.31951843745085, 20.476969027458676, 20.63773298070611, 20.801760786642138, 20.969004590785712]",22.050186923493886,1,4,1,0.00625
Square,5,5,0.5,open,open,finite,"[0.0, 0.0125, 0.025, 0.037500000000000006, 0.05, 0.0625, 0.075, 0.0875, 0.09999999999999999, 0.11249999999999999, 0.12499999999999999, 0.13749999999999998, 0.15, 0.1625, 0.17500000000000002, 0.18750000000000003, 0.20000000000000004, 0.21250000000000005, 0.22500000000000006, 0.23750000000000007, 0.25000000000000006, 0.26250000000000007, 0.2750000000000001, 0.2875000000000001, 0.3000000000000001, 0.3125000000000001, 0.3250000000000001, 0.33750000000000013, 0.35000000000000014, 0.36250000000000016, 0.37500000000000017, 0.3875000000000002, 0.4000000000000002, 0.4125000000000002, 0.4250000000000002, 0.4375000000000002, 0.45000000000000023, 0.46250000000000024, 0.47500000000000026, 0.48750000000000027, 0.5000000000000002]","[16, 16, 16, 16, 16, 16, 16, 16, 16, 16, 16, 16, 16, 16, 16, 16, 16, 16, 16, 16, 16, 16, 16, 16, 16, 16, 16, 16, 16, 16, 16, 16, 16, 16, 16, 16, 16, 16, 16, 16]","[17.328679513998633, 17.331218308338453, 17.33980900274357, 17.35464249147865, 17.375711505211036, 17.403005627574316, 17.436511303278134, 17.476211834004815, 17.522087376082858, 17.574114941531256, 17.632268404143097, 17.696518512235812, 17.766832909557447, 17.843176165615148, 17.925509816397394, 18.01379241611469, 18.107979600205457, 18.208024159467797, 18.31387612480476, 18.425482861731854, 18.54278917350655, 18.66573741151544, 18.794267591401553, 18.928317513337696, 19.067822884849292, 19.212717444656707, 19.36293308613349, 19.51839997915156, 19.679046689293486, 19.844800293641473, 20.01558649258867, 20.191329717348157, 20.37195323304759, 20.55737923748438, 20.747528955771237, 20.94232273122181, 21.141680112909697, 21.34551994038304, 21.55376042603353, 21.766319235608588, 21.983113567322626]",22.050186923493886,1,16,1,0.00625
Square,5,5,0.5,open,open,finite,"[0.0, 0.0125, 0.025, 0.037500000000000006, 0.05, 0.0625, 0.075, 0.0875, 0.09999999999999999, 0.11249999999999999, 0.12499999999999999, 0.13749999999999998, 0.15, 0.1625, 0.17500000000000002, 0.18750000000000003, 0.20000000000000004, 0.21250000000000005, 0.22500000000000006, 0.23750000000000007, 0.25000000000000006, 0.26250000000000007, 0.2750000000000001, 0.2875000000000001, 0.3000000000000001, 0.3125000000000001, 0.3250000000000001, 0.33750000000000013, 0.35000000000000014, 0.36250000000000016, 0.37500000000000017, 0.3875000000000002, 0.4000000000000002, 0.4125000000000002, 0.4250000000000002, 0.4375000000000002, 0.45000000000000023, 0.46250000000000024, 0.47500000000000026, 0.48750000000000027, 0.5000000000000002]","[18, 34, 39, 39, 39, 40, 43, 46, 47, 47, 47, 48, 48, 48, 48, 48, 48, 48, 49, 51, 52, 52, 53, 53, 54, 55, 55, 55, 55, 56, 56, 56, 57, 57, 57, 57, 57, 57, 57, 57]","[17.328679513998633, 17.331218308719976, 17.339809043700367, 17.35464268309559, 17.37571197679188, 17.40300660609464, 17.436513233655095, 17.47621556676823, 17.52209443309193, 17.57412786776774, 17.632291210185414, 17.696557208820245, 17.766896132327698, 17.843275884880814, 17.92566212362798, 18.01401837604184, 18.10830615487493, 18.208485068431365, 18.314512923909124, 18.426345821667024, 18.543938238451275, 18.667243097856183, 18.79621182656229, 18.930794395264126, 19.070939343616534, 19.216593788984103, 19.367703419277387, 19.5242124706684, 19.686063691504064, 19.85319829424013, 20.02555589770034, 20.203074462392465, 20.38569022196757, 20.57333761418203, 20.76594921488137, 20.963455678586218, 21.165785689192415, 21.372865924106733, 21.584621034838282, 21.80097364664983, 22.021844379367828]",22.050186923493886,1,64,1,0.00625
Square,5,5,0.5,open,open,finite,"[0.0, 0.0125, 0.025, 0.037500000000000006, 0.05, 0.0625, 0.075, 0.0875, 0.09999999999999999, 0.11249999999999999, 0.12499999999999999, 0.13749999999999998, 0.15, 0.1625, 0.17500000000000002, 0.18750000000000003, 0.20000000000000004, 0.21250000000000005, 0.22500000000000006, 0.23750000000000007, 0.25000000000000006, 0.26250000000000007, 0.2750000000000001, 0.2875000000000001, 0.3000000000000001, 0.3125000000000001, 0.3250000000000001, 0.33750000000000013, 0.35000000000000014, 0.36250000000000016, 0.37500000000000017, 0.3875000000000002, 0.4000000000000002, 0.4125000000000002, 0.4250000000000002, 0.4375000000000002, 0.45000000000000023, 0.46250000000000024, 0.47500000000000026, 0.48750000000000027, 0.5000000000000002]","[18, 34, 39, 39, 39, 40, 43, 46, 47, 47, 47, 48, 48, 48, 48, 48, 48, 48, 49, 51, 52, 52, 53, 53, 54, 55, 55, 55, 55, 56, 56, 56, 57, 57, 57, 57, 57, 57, 57, 57]","[17.328679513998633, 17.331218308719976, 17.339809043700367, 17.35464268309559, 17.37571197679188, 17.40300660609464, 17.436513233655095, 17.47621556676823, 17.52209443309193, 17.57412786776774, 17.632291210185414, 17.696557208820245, 17.766896132327698, 17.843275884880814, 17.92566212362798, 18.01401837604184, 18.10830615487493, 18.208485068431365, 18.314512923909124, 18.426345821667024, 18.543938238451275, 18.667243097856183, 18.79621182656229, 18.930794395264126, 19.070939343616534, 19.216593788984103, 19.367703419277387, 19.5242124706684, 19.686063691504064, 19.85319829424013, 20.02555589770034, 20.203074462392465, 20.38569022196757, 20.57333761418203, 20.76594921488137, 20.963455678586218, 21.165785689192415, 21.372865924106733, 21.584621034838282, 21.80097364664983, 22.021844379367828]",22.050186923493886,1,200,1,0.00625
Square,5,5,0.5,open,open,finite,"[0.0, 0.0125, 0.025, 0.037500000000000006, 0.05, 0.0625, 0.075, 0.0875, 0.09999999999999999, 0.11249999999999999, 0.12499999999999999, 0.13749999999999998, 0.15, 0.1625, 0.17500000000000002, 0.18750000000000003, 0.20000000000000004, 0.21250000000000005, 0.22500000000000006, 0.23750000000000007, 0.25000000000000006, 0.26250000000000007, 0.2750000000000001, 0.2875000000000001, 0.3000000000000001, 0.3125000000000001, 0.3250000000000001, 0.33750000000000013, 0.35000000000000014, 0.36250000000000016, 0.37500000000000017, 0.3875000000000002, 0.4000000000000002, 0.4125000000000002, 0.4250000000000002, 0.4375000000000002, 0.45000000000000023, 0.46250000000000024, 0.47500000000000026, 0.48750000000000027, 0.5000000000000002]","[4, 4, 4, 4, 4, 4, 4, 4, 4, 4, 4, 4, 4, 4, 4, 4, 4, 4, 4, 4, 4, 4, 4, 4, 4, 4, 4, 4, 4, 4, 4, 4, 4, 4, 4, 4, 4, 4, 4, 4]","[17.328679513998633, 17.33104259636438, 17.33823030309861, 17.350264000007623, 17.367144851323395, 17.388872999141583, 17.41544736854964, 17.446865490106802, 17.48312332834892, 17.524215110445585, 17.57013315301183, 17.620867686971508, 17.676406681347554, 17.736735667426665, 17.80183756512948, 17.871692513705838, 17.94627770910876, 18.025567250595117, 18.109531999256387, 18.198139451289354, 18.291353628862815, 18.389134991404248, 18.49144037000641, 18.598222927424974, 18.709432145799475, 18.825013843782592, 18.944910224218894, 19.06905995289389, 19.197398268204417, 19.329857120914784, 19.466365342492264, 19.606848839892624, 19.751230814118532, 19.899431999421783, 20.051370919678075, 20.206964158237735, 20.366126637446868, 20.528771904034837, 20.69481241666672, 20.86415983214841, 21.036725287033136]",22.167888054645445,2,4,2,0.00625
Square,5,5,0.5,open,open,finite,"[0.0, 0.0125, 0.025, 0.037500000000000006, 0.05, 0.0625, 0.075, 0.0875, 0.09999999999999999, 0.11249999999999999, 0.12499999999999999, 0.13749999999999998, 0.15, 0.1625, 0.17500000000000002, 0.18750000000000003, 0.20000000000000004, 0.21250000000000005, 0.22500000000000006, 0.23750000000000007, 0.25000000000000006, 0.26250000000000007, 0.2750000000000001, 0.2875000000000001, 0.3000000000000001, 0.3125000000000001, 0.3250000000000001, 0.33750000000000013, 0.35000000000000014, 0.36250000000000016, 0.37500000000000017, 0.3875000000000002, 0.4000000000000002, 0.4125000000000002, 0.4250000000000002, 0.4375000000000002, 0.45000000000000023, 0.46250000000000024, 0.47500000000000026, 0.48750000000000027, 0.5000000000000002]","[16, 16, 16, 16, 16, 16, 16, 16, 16, 16, 16, 16, 16, 16, 16, 16, 16, 16, 16, 16, 16, 16, 16, 16, 16, 16, 16, 16, 16, 16, 16, 16, 16, 16, 16, 16, 16, 16, 16, 16]","[17.328679513998633, 17.3313940052556, 17.340219600547883, 17.35529158102901, 17.376607802866964, 17.404165143297696, 17.437959402116597, 17.477985167934836, 17.52423565723705, 17.576702528586925, 17.63537567482443, 17.70024299657938, 17.77129016088222, 17.84850034907465, 17.93185399859919, 18.0213285435675, 18.116898159258845, 18.218533515869577, 18.32620154690764, 18.439865237589757, 18.55948343844065, 18.685010709003723, 18.816397196146312, 18.953588550878372, 19.096525886908367, 19.245145783345862, 19.399380333047393, 19.5591572371154, 19.724399945032687, 19.895027838881077, 20.0709564590905, 20.252097768232208, 20.438360448540127, 20.62965022815041, 20.825870230513644, 21.026921341075035, 21.23270258514297, 21.44311151087545, 21.65804457149729, 21.877397501201454, 22.10106567966048]",22.167888054645445,2,16,2,0.00625
Square,5,5,0.5,open,open,finite,"[0.0, 0.0125, 0.025, 0.037500000000000006, 0.05, 0.0625, 0.075, 0.0875, 0.09999999999999999, 0.11249999999999999, 0.12499999999999999, 0.13749999999999998, 0.15, 0.1625, 0.17500000000000002, 0.18750000000000003, 0.20000000000000004, 0.21250000000000005, 0.22500000000000006, 0.23750000000000007, 0.25000000000000006, 0.26250000000000007, 0.2750000000000001, 0.2875000000000001, 0.3000000000000001, 0.3125000000000001, 0.3250000000000001, 0.33750000000000013, 0.35000000000000014, 0.36250000000000016, 0.37500000000000017, 0.3875000000000002, 0.4000000000000002, 0.4125000000000002, 0.4250000000000002, 0.4375000000000002, 0.45000000000000023, 0.46250000000000024, 0.47500000000000026, 0.48750000000000027, 0.5000000000000002]","[20, 31, 36, 36, 37, 39, 42, 43, 43, 45, 46, 46, 46, 46, 46, 46, 46, 46, 47, 48, 48, 49, 49, 50, 50, 51, 51, 51, 51, 51, 51, 51, 52, 52, 52, 52, 52, 53, 53, 53]","[17.328679513998633, 17.33139401016331, 17.340219727673478, 17.355292046273135, 17.37660896683118, 17.404167626500136, 17.43796424434605, 17.47799405099437, 17.524251202664168, 17.5767286796086, 17.635418169048215, 17.700309933085492, 17.77139266221888, 17.848653315327716, 17.932076947298945, 18.021646525805224, 18.11734273911338, 18.21914379719161, 18.327025228773948, 18.440959677425482, 18.560916700016005, 18.686862571321033, 18.818760098672723, 18.95656845073071, 19.100243004496203, 19.24973521459939, 19.404992508667842, 19.565958212235042, 19.732571506168735, 19.904767419000787, 20.08247685583651, 20.265626664742026, 20.4541397406799, 20.647935166216293, 20.846928387388438, 21.051031422339488, 21.26015309962294, 21.474199322479052, 21.69307335491494, 21.916676125083892, 22.14490654126232]",22.167888054645445,2,64,2,0.00625
Square,5,5,0.5,open,open,finite,"[0.0, 0.0125, 0.025, 0.037500000000000006, 0.05, 0.0625, 0.075, 0.0875, 0.09999999999999999, 0.11249999999999999, 0.12499999999999999, 0.13749999999999998, 0.15, 0.1625, 0.17500000000000002, 0.18750000000000003, 0.20000000000000004, 0.21250000000000005, 0.22500000000000006, 0.23750000000000007, 0.25000000000000006, 0.26250000000000007, 0.2750000000000001, 0.2875000000000001, 0.3000000000000001, 0.3125000000000001, 0.3250000000000001, 0.33750000000000013, 0.35000000000000014, 0.36250000000000016, 0.37500000000000017, 0.3875000000000002, 0.4000000000000002, 0.4125000000000002, 0.4250000000000002, 0.4375000000000002, 0.45000000000000023, 0.46250000000000024, 0.47500000000000026, 0.48750000000000027, 0.5000000000000002]","[20, 31, 36, 36, 37, 39, 42, 43, 43, 45, 46, 46, 46, 46, 46, 46, 46, 46, 47, 48, 48, 49, 49, 50, 50, 51, 51, 51, 51, 51, 51, 51, 52, 52, 52, 52, 52, 53, 53, 53]","[17.328679513998633, 17.33139401016331, 17.340219727673478, 17.355292046273135, 17.37660896683118, 17.404167626500136, 17.43796424434605, 17.47799405099437, 17.524251202664168, 17.5767286796086, 17.635418169048215, 17.700309933085492, 17.77139266221888, 17.848653315327716, 17.932076947298945, 18.021646525805224, 18.11734273911338, 18.21914379719161, 18.327025228773948, 18.440959677425482, 18.560916700016005, 18.686862571321033, 18.818760098672723, 18.95656845073071, 19.100243004496203, 19.24973521459939, 19.404992508667842, 19.565958212235042, 19.732571506168735, 19.904767419000787, 20.08247685583651, 20.265626664742026, 20.4541397406799, 20.647935166216293, 20.846928387388438, 21.051031422339488, 21.26015309962294, 21.474199322479052, 21.69307335491494, 21.916676125083892, 22.14490654126232]",22.167888054645445,2,200,2,0.00625
Square,5,5,0.5,periodic,periodic,finite,"[0.0, 0.0125, 0.025, 0.037500000000000006, 0.05, 0.0625, 0.075, 0.0875, 0.09999999999999999, 0.11249999999999999, 0.12499999999999999, 0.13749999999999998, 0.15, 0.1625, 0.17500000000000002, 0.18750000000000003, 0.20000000000000004, 0.21250000000000005, 0.22500000000000006, 0.23750000000000007, 0.25000000000000006, 0.26250000000000007, 0.2750000000000001, 0.2875000000000001, 0.3000000000000001, 0.3125000000000001, 0.3250000000000001, 0.33750000000000013, 0.35000000000000014, 0.36250000000000016, 0.37500000000000017, 0.3875000000000002, 0.4000000000000002, 0.4125000000000002, 0.4250000000000002, 0.4375000000000002, 0.45000000000000023, 0.46250000000000024, 0.47500000000000026, 0.48750000000000027, 0.5000000000000002]","[4, 4, 4, 4, 4, 4, 4, 4, 4, 4, 4, 4, 4, 4, 4, 4, 4, 4, 4, 4, 4, 4, 4, 4, 4, 4, 4, 4, 4, 4, 4, 4, 4, 4, 4, 4, 4, 4, 4, 4]","[17.328679513998633, 17.33152224175632, 17.340055597848746, 17.354282686095864, 17.37420074072565, 17.39980219430612, 17.431074654287166, 17.468000888023845, 17.510558845477895, 17.558721722736244, 17.6124580667024, 17.671731920084348, 17.73650300485939, 17.806726941583968, 17.882355501217397, 17.963336885553606, 18.04961603191445, 18.14113493745962, 18.237832998311603, 18.339647358672046, 18.446513265207784, 18.558364422193158, 18.67513334319195, 18.79675169542634, 18.923150633390716, 19.0542611187051, 19.19001422364806, 19.330341416245545, 19.475174825207702, 19.624447483389552, 19.778093548796885, 19.936048502461507, 20.098249322768734, 20.264634636036465, 20.435144843321673, 20.609722223572227, 20.788311013354917, 20.97085746348165, 21.15730987293149, 21.34761860053392, 21.54173605494512]",23.186756321627715,0,4,0,0.00625
Square,5,5,0.5,periodic,periodic,finite,"[0.0, 0.0125, 0.025, 0.037500000000000006, 0.05, 0.0625, 0.075, 0.0875, 0.09999999999999999, 0.11249999999999999, 0.12499999999999999, 0.13749999999999998, 0.15, 0.1625, 0.17500000000000002, 0.18750000000000003, 0.20000000000000004, 0.21250000000000005, 0.22500000000000006, 0.23750000000000007, 0.25000000000000006, 0.26250000000000007, 0.2750000000000001, 0.2875000000000001, 0.3000000000000001, 0.3125000000000001, 0.3250000000000001, 0.33750000000000013, 0.35000000000000014, 0.36250000000000016, 0.37500000000000017, 0.3875000000000002, 0.4000000000000002, 0.4125000000000002, 0.4250000000000002, 0.4375000000000002, 0.45000000000000023, 0.46250000000000024, 0.47500000000000026, 0.48750000000000027, 0.5000000000000002]","[16, 16, 16, 16, 16, 16, 16, 16, 16, 16, 16, 16, 16, 16, 16, 16, 16, 16, 16, 16, 16, 16, 16, 16, 16, 16, 16, 16, 16, 16, 16, 16, 16, 16, 16, 16, 16, 16, 16, 16]","[17.328679513998633, 17.332115941557227, 17.342963336088527, 17.361431379120347, 17.387484734219854, 17.421076873145537, 17.462150998877085, 17.510641049987008, 17.566472784900608, 17.629564906462893, 17.69983019214444, 17.777176600921866, 17.861508333164963, 17.952726824828428, 18.05073166185378, 18.15542140492232, 18.266694318568906, 18.384449002155105, 18.508584923244527, 18.639002856432327, 18.775605232585768, 18.918296404761378, 19.066982837869205, 19.221573229598754, 19.38197857034771, 19.548112150006713, 19.719889519500814, 19.89722841497511, 20.08004865240804, 20.268272000182293, 20.461822036646776, 20.660623998819997, 20.864604626914105, 21.073692007070584, 21.287815411470483, 21.506905131086622, 21.730892292851944, 21.9597086519816, 22.19328635396336, 22.431557670071278, 22.674454722297874]",23.186756321627715,0,16,0,0.00625
Square,5,5,0.5,periodic,periodic,finite,"[0.0, 0.0125, 0.025, 0.037500000000000006, 0.05, 0.0625, 0.075, 0.0875, 0.09999999999999999, 0.11249999999999999, 0.12499999999999999, 0.13749999999999998, 0.15, 0.1625, 0.17500000000000002, 0.18750000000000003, 0.20000000000000004, 0.21250000000000005, 0.22500000000000006, 0.23750000000000007, 0.25000000000000006, 0.26250000000000007, 0.2750000000000001, 0.2875000000000001, 0.3000000000000001, 0.3125000000000001, 0.3250000000000001, 0.33750000000000013, 0.35000000000000014, 0.36250000000000016, 0.37500000000000017, 0.3875000000000002, 0.4000000000000002, 0.4125000000000002, 0.4250000000000002, 0.4375000000000002, 0.45000000000000023, 0.46250000000000024, 0.47500000000000026, 0.48750000000000027, 0.5000000000000002]","[50, 64, 64, 64, 64, 64, 64, 64, 64, 64, 64, 64, 64, 64, 64, 64, 64, 64, 64, 64, 64, 64, 64, 64, 64, 64, 64, 64, 64, 64, 64, 64, 64, 64, 64, 64, 64, 64, 64, 64]","[17.328679513998633, 17.33217442148303, 17.343338320023864, 17.362301652905323, 17.389054529164802, 17.4235829282469, 17.465868627109757, 17.51588908502986, 17.573617295076925, 17.639021612252936, 17.71206557748604, 17.792707752512133, 17.88090157880603, 17.976595272867165, 18.079731767906544, 18.19024870711078, 18.308078495508244, 18.433148410838697, 18.56538077260489, 18.704693166032254, 18.85099871560334, 19.00420640122442, 19.164221408827075, 19.330945506173844, 19.504277433680265, 19.684113299265494, 19.87034696608701, 20.062870423154155, 20.261574131347086, 20.466347340446188, 20.677078375258017, 20.893654890329802, 21.115964093394844, 21.343892938109065, 21.57732828709487, 21.816157046777008, 22.06026627586116, 22.30954326964566, 22.563875623067144, 22.823151276623975, 23.087258550316818]",23.186756321627715,0,64,0,0.00625
Square,5,5,0.5,periodic,periodic,finite,"[0.0, 0.0125, 0.025, 0.037500000000000006, 0.05, 0.0625, 0.075, 0.0875, 0.09999999999999999, 0.11249999999999999, 0.12499999999999999, 0.13749999999999998, 0.15, 0.1625, 0.17500000000000002, 0.18750000000000003, 0.20000000000000004, 0.21250000000000005, 0.22500000000000006, 0.23750000000000007, 0.25000000000000006, 0.26250000000000007, 0.2750000000000001, 0.2875000000000001, 0.3000000000000001, 0.3125000000000001, 0.3250000000000001, 0.33750000000000013, 0.35000000000000014, 0.36250000000000016, 0.37500000000000017, 0.3875000000000002, 0.4000000000000002, 0.4125000000000002, 0.4250000000000002, 0.4375000000000002, 0.45000000000000023, 0.46250000000000024, 0.47500000000000026, 0.48750000000000027, 0.5000000000000002]","[50, 200, 200, 200, 200, 200, 200, 200, 200, 200, 200, 200, 200, 200, 200, 200, 200, 200, 200, 200, 200, 200, 200, 200, 200, 200, 200, 200, 200, 200, 200, 200, 200, 200, 200, 200, 200, 200, 200, 200]","[17.328679513998633, 17.33217442148303, 17.343338356063207, 17.362301854077316, 17.389055126598638, 17.423584462721625, 17.465872326570892, 17.515897440113513, 17.57363485075619, 17.6390559837858, 17.71212868165556, 17.7928172322777, 17.881082391209812, 17.97688138274156, 18.080167884485107, 18.190892014824378, 18.30900031388676, 18.434435715610267, 18.567137516212945, 18.707041342082274, 18.854079117449757, 19.00817903412213, 19.169265525432138, 19.337259246648202, 19.512077064148126, 19.69363205567253, 19.881833523960374, 20.07658702606656, 20.277794420626446, 20.485353935175322, 20.699160255300452, 20.919104636933067, 21.145075042573666, 21.376956301787427, 21.614630295917976, 21.857976166538375, 22.106870546609176, 22.361187812791943, 22.620800357378045, 22.88557888012116, 23.155392706221335]",23.186756321627715,0,200,0,0.00625
Square,5,5,0.5,periodic,periodic,finite,"[0.0, 0.0125, 0.025, 0.037500000000000006, 0.05, 0.0625, 0.075, 0.0875, 0.09999999999999999, 0.11249999999999999, 0.12499999999999999, 0.13749999999999998, 0.15, 0.1625, 0.17500000000000002, 0.18750000000000003, 0.20000000000000004, 0.21250000000000005, 0.22500000000000006, 0.23750000000000007, 0.25000000000000006, 0.26250000000000007, 0.2750000000000001, 0.2875000000000001, 0.3000000000000001, 0.3125000000000001, 0.3250000000000001, 0.33750000000000013, 0.35000000000000014, 0.36250000000000016, 0.37500000000000017, 0.3875000000000002, 0.4000000000000002, 0.4125000000000002, 0.4250000000000002, 0.4375000000000002, 0.45000000000000023, 0.46250000000000024, 0.47500000000000026, 0.48750000000000027, 0.5000000000000002]","[4, 4, 4, 4, 4, 4, 4, 4, 4, 4, 4, 4, 4, 4, 4, 4, 4, 4, 4, 4, 4, 4, 4, 4, 4, 4, 4, 4, 4, 4, 4, 4, 4, 4, 4, 4, 4, 4, 4, 4]","[17.328679513998633, 17.331526986566534, 17.340075164936835, 17.354328597528077, 17.37428910993374, 17.399957161032095, 17.431331957412606, 17.468411530685984, 17.511192822761267, 17.559671785317363, 17.613843493893082, 17.673702275311037, 17.73924184652449, 17.810455462750877, 17.887336072695, 17.96987647866094, 18.058069499349806, 18.151908133108126, 18.251385719316517, 18.35649609548689, 18.467233747474058, 18.583593950013867, 18.70557289458637, 18.83316780138072, 18.96637701192061, 19.105200058706572, 19.24963770805682, 19.399691972196244, 19.55536608657088, 19.71666444837444, 19.883592512389555, 20.056156640498198, 20.23436390163518, 20.41822181957411, 20.60773806677571, 20.80292010361134, 21.003774763608178, 21.210307786939254, 21.422523306175247, 21.640423290278754, 21.864006954887483]",23.89439539335354,1,4,1,0.00625
Square,5,5,0.5,periodic,periodic,finite,"[0.0, 0.0125, 0.025, 0.037500000000000006, 0.05, 0.0625, 0.075, 0.0875, 0.09999999999999999, 0.11249999999999999, 0.12499999999999999, 0.13749999999999998, 0.15, 0.1625, 0.17500000000000002, 0.18750000000000003, 0.20000000000000004, 0.21250000000000005, 0.22500000000000006, 0.23750000000000007, 0.25000000000000006, 0.26250000000000007, 0.2750000000000001, 0.2875000000000001, 0.3000000000000001, 0.3125000000000001, 0.3250000000000001, 0.33750000000000013, 0.35000000000000014, 0.36250000000000016, 0.37500000000000017, 0.3875000000000002, 0.4000000000000002, 0.4125000000000002, 0.4250000000000002, 0.4375000000000002, 0.45000000000000023, 0.46250000000000024, 0.47500000000000026, 0.48750000000000027, 0.5000000000000002]","[16, 16, 16, 16, 16, 16, 16, 16, 16, 16, 16, 16, 16, 16, 16, 16, 16, 16, 16, 16, 16, 16, 16, 16, 16, 16, 16, 16, 16, 16, 16, 16, 16, 16, 16, 16, 16, 16, 16, 16]","[17.328679513998633, 17.332144842322254, 17.343091498755456, 17.361687047122548, 17.387921942744146, 17.42178158242622, 17.463247331546008, 17.51229676459267, 17.568904942985522, 17.63304544404165, 17.70469147518534, 17.783817003674105, 17.870397872833944, 17.964412878454432, 18.065844781908684, 18.1746812394613, 18.290915629721535, 18.41454776289018, 18.545584456017046, 18.684039957765382, 18.82993620421586, 18.98330288433262, 19.14417729043757, 19.312603926269727, 19.488633844080628, 19.67232368401462, 19.86373439494851, 20.062929626840944, 20.269973800727367, 20.484929884100897, 20.70785693140679, 20.938807524989326, 21.17782547861156, 21.42494396703189, 21.680182093312492, 21.943540982115326, 22.215001966200845, 22.494525263665743, 22.78204890541767, 23.077488139928395, 23.380735386047068]",23.89439539335354,1,16,1,0.00625
Square,5,5,0.5,periodic,periodic,finite,"[0.0, 0.0125, 0.025, 0.037500000000000006, 0.05, 0.0625, 0.075, 0.0875, 0.09999999999999999, 0.11249999999999999, 0.12499999999999999, 0.13749999999999998, 0.15, 0.1625, 0.17500000000000002, 0.18750000000000003, 0.20000000000000004, 0.21250000000000005, 0.22500000000000006, 0.23750000000000007, 0.25000000000000006, 0.26250000000000007, 0.2750000000000001, 0.2875000000000001, 0.3000000000000001, 0.3125000000000001, 0.3250000000000001, 0.33750000000000013, 0.35000000000000014, 0.36250000000000016, 0.37500000000000017, 0.3875000000000002, 0.4000000000000002, 0.4125000000000002, 0.4250000000000002, 0.4375000000000002, 0.45000000000000023, 0.46250000000000024, 0.47500000000000026, 0.48750000000000027, 0.5000000000000002]","[50, 64, 64, 64, 64, 64, 64, 64, 64, 64, 64, 64, 64, 64, 64, 64, 64, 64, 64, 64, 64, 64, 64, 64, 64, 64, 64, 64, 64, 64, 64, 64, 64, 64, 64, 64, 64, 64, 64, 64]","[17.328679513998633, 17.332183373635058, 17.343362103317954, 17.36235291734707, 17.389162566530693, 17.42380053685925, 17.466278964215185, 17.51661252561081, 17.574818318713778, 17.64091574864212, 17.714926434276432, 17.796874146842953, 17.886784797266007, 17.984686499877856, 18.090609632659117, 18.20458690413188, 18.326653495112772, 18.456847199352417, 18.59520854038921, 18.741780835779423, 18.896610171892654, 19.05974524828308, 19.231237048595194, 19.411138295369746, 19.599502649483828, 19.79638362177647, 20.00183317504097, 20.215900009123175, 20.438627540112364, 20.670051605895427, 20.910197953610048, 21.159079588273475, 21.416694083512937, 21.683020969583605, 21.958019318835042, 22.24162566152948, 22.533752375689584, 22.83428668930213, 23.1430907028879, 23.460004928622563, 23.784852156486245]",23.89439539335354,1,64,1,0.00625
Square,5,5,0.5,periodic,periodic,finite,"[0.0, 0.0125, 0.025, 0.037500000000000006, 0.05, 0.0625, 0.075, 0.0875, 0.09999999999999999, 0.11249999999999999, 0.12499999999999999, 0.13749999999999998, 0.15, 0.1625, 0.17500000000000002, 0.18750000000000003, 0.20000000000000004, 0.21250000000000005, 0.22500000000000006, 0.23750000000000007, 0.25000000000000006, 0.26250000000000007, 0.2750000000000001, 0.2875000000000001, 0.3000000000000001, 0.3125000000000001, 0.3250000000000001, 0.33750000000000013, 0.35000000000000014, 0.36250000000000016, 0.37500000000000017, 0.3875000000000002, 0.4000000000000002, 0.4125000000000002, 0.4250000000000002, 0.4375000000000002, 0.45000000000000023, 0.46250000000000024, 0.47500000000000026, 0.48750000000000027, 0.5000000000000002]","[50, 200, 200, 200, 200, 200, 200, 200, 200, 200, 200, 200, 200, 200, 200, 200, 200, 200, 200, 200, 200, 200, 200, 200, 200, 200, 200, 200, 200, 200, 200, 200, 200, 200, 200, 200, 200, 200, 200, 200]","[17.328679513998633, 17.332183373635058, 17.34336211699697, 17.36235300211212, 17.389162885691487, 17.42380157775932, 17.46628193171616, 17.516619946529055, 17.574834882746295, 17.640949392718923, 17.714989664602076, 17.796985581197053, 17.886970882077527, 17.984983318441923, 18.091064790740024, 18.205261460324426, 18.327623809497837, 18.4582066268836, 18.597068892199733, 18.74427352773771, 18.899886981812568, 19.063978607605282, 19.236619801768608, 19.41788287043888, 19.607839597604652, 19.806559502821734, 20.014107781131003, 20.23054293308212, 20.455914143936603, 20.690258475052396, 20.933597950687613, 21.185936652702168, 21.447257953253267, 21.717522026495285, 21.9966637878559, 22.284591418731925, 22.581185536273875, 22.886298932833412, 23.199757112039737, 23.521359647424063, 23.850882140872617]",23.89439539335354,1,200,1,0.00625
Square,5,5,0.5,periodic,periodic,finite,"[0.0, 0.0125, 0.025, 0.037500000000000006, 0.05, 0.0625, 0.075, 0.0875, 0.09999999999999999, 0.11249999999999999, 0.12499999999999999, 0.13749999999999998, 0.15, 0.1625, 0.17500000000000002, 0.18750000000000003, 0.20000000000000004, 0.21250000000000005, 0.22500000000000006, 0.23750000000000007, 0.25000000000000006, 0.26250000000000007, 0.2750000000000001, 0.2875000000000001, 0.3000000000000001, 0.3125000000000001, 0.3250000000000001, 0.33750000000000013, 0.35000000000000014, 0.36250000000000016, 0.37500000000000017, 0.3875000000000002, 0.4000000000000002, 0.4125000000000002, 0.4250000000000002, 0.4375000000000002, 0.45000000000000023, 0.46250000000000024, 0.47500000000000026, 0.48750000000000027, 0.5000000000000002]","[4, 4, 4, 4, 4, 4, 4, 4, 4, 4, 4, 4, 4, 4, 4, 4, 4, 4, 4, 4, 4, 4, 4, 4, 4, 4, 4, 4, 4, 4, 4, 4, 4, 4, 4, 4, 4, 4, 4, 4]","[17.328679513998633, 17.33151734515056, 17.34004710007316, 17.35428020880641, 17.37422373827218, 17.399884085753722, 17.431266939592117, 17.46837703734537, 17.51121784347473, 17.559791175616354, 17.614096796804628, 17.67413198867612, 17.739891120314915, 17.8113652272973, 17.888541615110327, 17.97140350027333, 18.059929701153163, 18.154094388680182, 18.25386690503383, 18.359211655988716, 18.47008808012141, 18.586450695598757, 18.708249222915573, 18.835428779820454, 18.9679301428383, 19.10569006831794, 19.24864166482803, 19.39671480799673, 19.549836588522627, 19.707931784040685, 19.870923345763345, 20.038732891278826, 20.211281195522282, 20.388488672685803, 20.570275842651174, 20.756563776370477, 20.94727451544898, 21.14233146197413, 21.341659735364832, 21.54518649367549, 21.752841217373923]",23.460574436605597,2,4,2,0.00625
Square,5,5,0.5,periodic,periodic,finite,"[0.0, 0.0125, 0.025, 0.037500000000000006, 0.05, 0.0625, 0.075, 0.0875, 0.09999999999999999, 0.11249999999999999, 0.12499999999999999, 0.13749999999999998, 0.15, 0.1625, 0.17500000000000002, 0.18750000000000003, 0.20000000000000004, 0.21250000000000005, 0.22500000000000006, 0.23750000000000007, 0.25000000000000006, 0.26250000000000007, 0.2750000000000001, 0.2875000000000001, 0.3000000000000001, 0.3125000000000001, 0.3250000000000001, 0.33750000000000013, 0.35000000000000014, 0.36250000000000016, 0.37500000000000017, 0.3875000000000002, 0.4000000000000002, 0.4125000000000002, 0.4250000000000002, 0.4375000000000002, 0.45000000000000023, 0.46250000000000024, 0.47500000000000026, 0.48750000000000027, 0.5000000000000002]","[16, 16, 16, 16, 16, 16, 16, 16, 16, 16, 16, 16, 16, 16, 16, 16, 16, 16, 16, 16, 16, 16, 16, 16, 16, 16, 16, 16, 16, 16, 16, 16, 16, 16, 16, 16, 16, 16, 16, 16]","[17.328679513998633, 17.332145089658173, 17.343105157553904, 17.36183834923588, 17.388338933855433, 17.42257059377556, 17.4644870468173, 17.514033411700456, 17.571147723402806, 17.635762522497192, 17.70780644752116, 17.787205766144766, 17.873885790097983, 17.967772129688083, 18.06879175536077, 18.176873845314862, 18.291950409006965, 18.41395668601674, 18.542831327909884, 18.678516377326336, 18.820957063556857, 18.97010143746459, 19.12589987092773, 19.288304447222025, 19.457268269127013, 19.632744711220404, 19.814686641989223, 20.00304564017462, 20.1977712282803, 20.398810144471216, 20.60610567218149, 20.819597044616128, 21.039218938929114, 21.26490107215916, 21.496567908007634, 21.734138480291517, 21.977526335447433, 22.226639592768827, 22.48138111688407, 22.741648791838358, 23.007335879774015]",23.460574436605597,2,16,2,0.00625
Square,5,5,0.5,periodic,periodic,finite,"[0.0, 0.0125, 0.025, 0.037500000000000006, 0.05, 0.0625, 0.075, 0.0875, 0.09999999999999999, 0.11249999999999999, 0.12499999999999999, 0.13749999999999998, 0.15, 0.1625, 0.17500000000000002, 0.18750000000000003, 0.20000000000000004, 0.21250000000000005, 0.22500000000000006, 0.23750000000000007, 0.25000000000000006, 0.26250000000000007, 0.2750000000000001, 0.2875000000000001, 0.3000000000000001, 0.3125000000000001, 0.3250000000000001, 0.33750000000000013, 0.35000000000000014, 0.36250000000000016, 0.37500000000000017, 0.3875000000000002, 0.4000000000000002, 0.4125000000000002, 0.4250000000000002, 0.4375000000000002, 0.45000000000000023, 0.46250000000000024, 0.47500000000000026, 0.48750000000000027, 0.5000000000000002]","[49, 64, 64, 64, 64, 64, 64, 64, 64, 64, 64, 64, 64, 64, 64, 64, 64, 64, 64, 64, 64, 64, 64, 64, 64, 64, 64, 64, 64, 64, 64, 64, 64, 64, 64, 64, 64, 64, 64, 64]","[17.328679513998633, 17.33218503271759, 17.34336557743247, 17.36235485644173, 17.389154201393122, 17.42376519298491, 17.46618944130434, 17.5164282931192, 17.574482468262655, 17.64035164355261, 17.714033997987443, 17.795525732044077, 17.884820573818978, 17.981909284016464, 18.086779171194564, 18.199413626290756, 18.319791684568045, 18.44788761762549, 18.583670558157095, 18.727104162360494, 18.878146309074825, 19.03674883573434, 19.20285731138028, 19.37641084727823, 19.557341946345932, 19.74557639340359, 19.941033189039338, 20.14362453048101, 20.35325584317246, 20.56982586670059, 20.793226798283296, 21.023344496198412, 21.260058744322663, 21.503243577413073, 21.752767665016744, 22.00849475010194, 22.270284136809092, 22.53799122024619, 22.81146805014386, 23.09056391960111, 23.375125970008973]",23.460574436605597,2,64,2,0.00625
Square,5,5,0.5,periodic,periodic,finite,"[0.0, 0.0125, 0.025, 0.037500000000000006, 0.05, 0.0625, 0.075, 0.0875, 0.09999999999999999, 0.11249999999999999, 0.12499999999999999, 0.13749999999999998, 0.15, 0.1625, 0.17500000000000002, 0.18750000000000003, 0.20000000000000004, 0.21250000000000005, 0.22500000000000006, 0.23750000000000007, 0.25000000000000006, 0.26250000000000007, 0.2750000000000001, 0.2875000000000001, 0.3000000000000001, 0.3125000000000001, 0.3250000000000001, 0.33750000000000013, 0.35000000000000014, 0.36250000000000016, 0.37500000000000017, 0.3875000000000002, 0.4000000000000002, 0.4125000000000002, 0.4250000000000002, 0.4375000000000002, 0.45000000000000023, 0.46250000000000024, 0.47500000000000026, 0.48750000000000027, 0.5000000000000002]","[49, 200, 200, 200, 200, 200, 200, 200, 200, 200, 200, 200, 200, 200, 200, 200, 200, 200, 200, 200, 200, 200, 200, 200, 200, 200, 200, 200, 200, 200, 200, 200, 200, 200, 200, 200, 200, 200, 200, 200]","[17.328679513998633, 17.33218503271759, 17.34336558770143, 17.362354916111638, 17.389154452204064, 17.42376609514286, 17.466192154756243, 17.516435252845504, 17.574498176231796, 17.640383678183927, 17.714094227227516, 17.795631699999248, 17.884997023844747, 17.98218975407211, 18.087207587066484, 18.200045831175856, 18.320696825612032, 18.449149315854953, 18.585387794556784, 18.72939181806526, 18.88113531064562, 19.04058587120109, 19.20770409898634, 19.382442956191426, 19.56474718616398, 19.754552806229746, 19.95178669344535, 20.15636628009718, 20.36819937333389, 20.58718411004152, 20.81320905406537, 21.046153438347023, 21.285887549724364, 21.5322732493214, 21.785164616919975, 22.044408703726997, 22.309846374754237, 22.58131321978214, 22.858640510703058, 23.14165618308227, 23.4301858215305]",23.460574436605597,2,200,2,0.00625
Triangular,5,5,0.5,periodic,periodic,finite,"[0.0, 0.0125, 0.025, 0.037500000000000006, 0.05, 0.0625, 0.075, 0.0875, 0.09999999999999999, 0.11249999999999999, 0.12499999999999999, 0.13749999999999998, 0.15, 0.1625, 0.17500000000000002, 0.18750000000000003, 0.20000000000000004, 0.21250000000000005, 0.22500000000000006, 0.23750000000000007, 0.25000000000000006, 0.26250000000000007, 0.2750000000000001, 0.2875000000000001, 0.3000000000000001, 0.3125000000000001, 0.3250000000000001, 0.33750000000000013, 0.35000000000000014, 0.36250000000000016, 0.37500000000000017, 0.3875000000000002, 0.4000000000000002, 0.4125000000000002, 0.4250000000000002, 0.4375000000000002, 0.45000000000000023, 0.46250000000000024, 0.47500000000000026, 0.48750000000000027, 0.5000000000000002]","[4, 4, 4, 4, 4, 4, 4, 4, 4, 4, 4, 4, 4, 4, 4, 4, 4, 4, 4, 4, 4, 4, 4, 4, 4, 4, 4, 4, 4, 4, 4, 4, 4, 4, 4, 4, 4, 4, 4, 4]","[17.328679513998633, 17.333056199866245, 17.346270356312406, 17.368386961012718, 17.399436975354366, 17.439425568862365, 17.488332501797252, 17.546112603526016, 17.61269653778808, 17.687991889652466, 17.771884564541384, 17.864240468196208, 17.96490742399516, 18.073717276744667, 18.190488128539013, 18.31502665178634, 18.447130426491295, 18.58659025285673, 18.73319239571352, 18.886720723715733, 19.046958713187614, 19.213691293571515, 19.386706518262166, 19.56579705095823, 19.750761463327823, 19.941405344653884, 20.137542228144774, 20.338994341762657, 20.545593193778192, 20.757180004872854, 20.973605999568843, 21.194732570169066, 21.420431326337678, 21.650584043043757, 21.88508251891929, 22.123828356229787, 22.3667326726948, 22.613715754386845, 22.864706657931468, 23.119642769269017, 23.378469325351848]",26.206848190503386,0,4,0,0.00625
Triangular,5,5,0.5,periodic,periodic,finite,"[0.0, 0.0125, 0.025, 0.037500000000000006, 0.05, 0.0625, 0.075, 0.0875, 0.09999999999999999, 0.11249999999999999, 0.12499999999999999, 0.13749999999999998, 0.15, 0.1625, 0.17500000000000002, 0.18750000000000003, 0.20000000000000004, 0.21250000000000005, 0.22500000000000006, 0.23750000000000007, 0.25000000000000006, 0.26250000000000007, 0.2750000000000001, 0.2875000000000001, 0.3000000000000001, 0.3125000000000001, 0.3250000000000001, 0.33750000000000013, 0.35000000000000014, 0.36250000000000016, 0.37500000000000017, 0.3875000000000002, 0.4000000000000002, 0.4125000000000002, 0.4250000000000002, 0.4375000000000002, 0.45000000000000023, 0.46250000000000024, 0.47500000000000026, 0.48750000000000027, 0.5000000000000002]","[16, 16, 16, 16, 16, 16, 16, 16, 16, 16, 16, 16, 16, 16, 16, 16, 16, 16, 16, 16, 16, 16, 16, 16, 16, 16, 16, 16, 16, 16, 16, 16, 16, 16, 16, 16, 16, 16, 16, 16]","[17.328679513998633, 17.334089581343324, 17.350692382447882, 17.378877047358802, 17.418727030551985, 17.470202724651653, 17.533233469731503, 17.60772228600696, 17.693550172617265, 17.790580305639597, 17.898661982597226, 18.01763415982804, 18.147328472466004, 18.287571679579326, 18.43818752742681, 18.598998065983576, 18.769824485147474, 18.950487556815542, 19.140807778232947, 19.34060531245203, 19.549699815618666, 19.76791023067781, 19.9950546166436, 20.230950080280003, 20.475412909042742, 20.728259140470637, 20.989306017043226, 21.25837380995991, 21.535284765892076, 21.81986017422225, 22.111920408266055, 22.411286510983807, 22.717781500800857, 23.031231341319994, 23.351465709985217, 23.678318606065908, 24.011628808033098, 24.35124020159984, 24.697002007211115, 25.048768912691017, 25.406401072853896]",26.206848190503386,0,16,0,0.00625
Triangular,5,5,0.5,periodic,periodic,finite,"[0.0, 0.0125, 0.025, 0.037500000000000006, 0.05, 0.0625, 0.075, 0.0875, 0.09999999999999999, 0.11249999999999999, 0.12499999999999999, 0.13749999999999998, 0.15, 0.1625, 0.17500000000000002, 0.18750000000000003, 0.20000000000000004, 0.21250000000000005, 0.22500000000000006, 0.23750000000000007, 0.25000000000000006, 0.26250000000000007, 0.2750000000000001, 0.2875000000000001, 0.3000000000000001, 0.3125000000000001, 0.3250000000000001, 0.33750000000000013, 0.35000000000000014, 0.36250000000000016, 0.37500000000000017, 0.3875000000000002, 0.4000000000000002, 0.4125000000000002, 0.4250000000000002, 0.4375000000000002, 0.45000000000000023, 0.46250000000000024, 0.47500000000000026, 0.48750000000000027, 0.5000000000000002]","[51, 64, 64, 64, 64, 64, 64, 64, 64, 64, 64, 64, 64, 64, 64, 64, 64, 64, 64, 64, 64, 64, 64, 64, 64, 64, 64, 64, 64, 64, 64, 64, 64, 64, 64, 64, 64, 64, 64, 64]","[17.328679513998633, 17.334159951079563, 17.35128287622703, 17.380233352920527, 17.421058710776915, 17.473795661612158, 17.53846938918961, 17.615092495267042, 17.70366387836741, 17.804167575827634, 17.916571709966608, 18.040827576814586, 18.1768689455308, 18.324611614954662, 18.483953256920774, 18.65477355898129, 18.836934663169618, 19.030281883803394, 19.234644697411497, 19.44983806218869, 19.675663653403717, 19.911911284501553, 20.15836056085002, 20.41478280690285, 20.68094238927687, 20.95659791483908, 21.241503887281137, 21.535412172380955, 21.838073451872194, 22.149238362445573, 22.468658217935374, 22.796086025248016, 23.131277525468974, 23.473992188670202, 23.823994358663075, 24.181055092421513, 24.544953164872368, 24.915470308546556, 25.292390479794413, 25.675501926583962, 26.064597501998062]",26.206848190503386,0,64,0,0.00625
Triangular,5,5,0.5,periodic,periodic,finite,"[0.0, 0.0125, 0.025, 0.037500000000000006, 0.05, 0.0625, 0.075, 0.0875, 0.09999999999999999, 0.11249999999999999, 0.12499999999999999, 0.13749999999999998, 0.15, 0.1625, 0.17500000000000002, 0.18750000000000003, 0.20000000000000004, 0.21250000000000005, 0.22500000000000006, 0.23750000000000007, 0.25000000000000006, 0.26250000000000007, 0.2750000000000001, 0.2875000000000001, 0.3000000000000001, 0.3125000000000001, 0.3250000000000001, 0.33750000000000013, 0.35000000000000014, 0.36250000000000016, 0.37500000000000017, 0.3875000000000002, 0.4000000000000002, 0.4125000000000002, 0.4250000000000002, 0.4375000000000002, 0.45000000000000023, 0.46250000000000024, 0.47500000000000026, 0.48750000000000027, 0.5000000000000002]","[51, 200, 200, 200, 200, 200, 200, 200, 200, 200, 200, 200, 200, 200, 200, 200, 200, 200, 200, 200, 200, 200, 200, 200, 200, 200, 200, 200, 200, 200, 200, 200, 200, 200, 200, 200, 200, 200, 200, 200]","[17.328679513998633, 17.334159951079563, 17.351282881053276, 17.38023345177397, 17.421059398390195, 17.47379857252499, 17.538478571687836, 17.615116270333097, 17.70371725989697, 17.80427521079785, 17.916771162881105, 18.041172783537462, 18.177433643055252, 18.325492485162222, 18.48527253912465, 18.656680950390133, 18.83960835474074, 19.033928624704366, 19.23949882188734, 19.456159376057563, 19.68373450121282, 19.922032850132812, 20.170848398772353, 20.429961541487913, 20.699140369347028, 20.97814209855189, 21.266714614131036, 21.564598091353307, 21.87152664432511, 22.18722995022686, 22.511434833006188, 22.843866775597316, 23.184251299112994, 23.532315187753944, 23.887787597088654, 24.250401058162232, 24.6198923497326, 24.99600324162875, 25.37848112689843, 25.7670795473871, 26.161558613797094]",26.206848190503386,0,200,0,0.00625
Triangular,5,5,0.5,periodic,periodic,finite,"[0.0, 0.0125, 0.025, 0.037500000000000006, 0.05, 0.0625, 0.075, 0.0875, 0.09999999999999999, 0.11249999999999999, 0.12499999999999999, 0.13749999999999998, 0.15, 0.1625, 0.17500000000000002, 0.18750000000000003, 0.20000000000000004, 0.21250000000000005, 0.22500000000000006, 0.23750000000000007, 0.25000000000000006, 0.26250000000000007, 0.2750000000000001, 0.2875000000000001, 0.3000000000000001, 0.3125000000000001, 0.3250000000000001, 0.33750000000000013, 0.35000000000000014, 0.36250000000000016, 0.37500000000000017, 0.3875000000000002, 0.4000000000000002, 0.4125000000000002, 0.4250000000000002, 0.4375000000000002, 0.45000000000000023, 0.46250000000000024, 0.47500000000000026, 0.48750000000000027, 0.5000000000000002]","[4, 4, 4, 4, 4, 4, 4, 4, 4, 4, 4, 4, 4, 4, 4, 4, 4, 4, 4, 4, 4, 4, 4, 4, 4, 4, 4, 4, 4, 4, 4, 4, 4, 4, 4, 4, 4, 4, 4, 4]","[17.328679513998633, 17.33293838787586, 17.34593541880774, 17.367791535562013, 17.398536747694568, 17.4381692692721, 17.486658261007577, 17.543945512966527, 17.60994719041259, 17.684555842403007, 17.76764268697825, 17.85906012128145, 17.958644379622292, 18.06621825548539, 18.181593806599288, 18.304574971345446, 18.434960037372043, 18.57254391735393, 18.717120200947896, 18.868482965082787, 19.026428336117867, 19.19075580674568, 19.361269317714513, 19.5377781196005, 19.720097433197438, 19.908048928907313, 20.101461046123564, 20.30016917330638, 20.504015708528083, 20.712850018946963, 20.92652831613343, 21.144913462561945, 21.367874722994824, 21.59528747298445, 21.827032875344454, 22.062997534203767, 22.303073135157653, 22.547156079055373, 22.795147116093784, 23.046950986099812, 23.302476070157617]",26.509292991426086,1,4,1,0.00625
Triangular,5,5,0.5,periodic,periodic,finite,"[0.0, 0.0125, 0.025, 0.037500000000000006, 0.05, 0.0625, 0.075, 0.0875, 0.09999999999999999, 0.11249999999999999, 0.12499999999999999, 0.13749999999999998, 0.15, 0.1625, 0.17500000000000002, 0.18750000000000003, 0.20000000000000004, 0.21250000000000005, 0.22500000000000006, 0.23750000000000007, 0.25000000000000006, 0.26250000000000007, 0.2750000000000001, 0.2875000000000001, 0.3000000000000001, 0.3125000000000001, 0.3250000000000001, 0.33750000000000013, 0.35000000000000014, 0.36250000000000016, 0.37500000000000017, 0.3875000000000002, 0.4000000000000002, 0.4125000000000002, 0.4250000000000002, 0.4375000000000002, 0.45000000000000023, 0.46250000000000024, 0.47500000000000026, 0.48750000000000027, 0.5000000000000002]","[16, 16, 16, 16, 16, 16, 16, 16, 16, 16, 16, 16, 16, 16, 16, 16, 16, 16, 16, 16, 16, 16, 16, 16, 16, 16, 16, 16, 16, 16, 16, 16, 16, 16, 16, 16, 16, 16, 16, 16]","[17.328679513998633, 17.334069990250637, 17.350728372548915, 17.37920688923844, 17.419572484865338, 17.47180234923213, 17.53583428078016, 17.6115709320255, 17.698884804404123, 17.797623630216393, 17.90761579833136, 18.028675518206466, 18.160607476629238, 18.303210814828887, 18.456282329568666, 18.61961887186409, 18.79301897547692, 18.976283791584226, 19.16921743556488, 19.371626867795722, 19.583321434736952, 19.80411219186158, 20.033811118692594, 20.272230320854575, 20.51918129708766, 20.774474333226728, 21.037918073351424, 21.309319314464457, 21.58848307659003, 21.875212996171793, 22.169311991462024, 22.470582849267046, 22.778828237286152, 23.093850375560002, 23.415451255735974, 23.74343365548299, 24.077602625804445, 24.41776726794408, 24.763742352000314, 25.11534857679762, 25.472412033217477]",26.509292991426086,1,16,1,0.00625
Triangular,5,5,0.5,periodic,periodic,finite,"[0.0, 0.0125, 0.025, 0.037500000000000006, 0.05, 0.0625, 0.075, 0.0875, 0.09999999999999999, 0.11249999999999999, 0.12499999999999999, 0.13749999999999998, 0.15, 0.1625, 0.17500000000000002, 0.18750000000000003, 0.20000000000000004, 0.21250000000000005, 0.22500000000000006, 0.23750000000000007, 0.25000000000000006, 0.26250000000000007, 0.2750000000000001, 0.2875000000000001, 0.3000000000000001, 0.3125000000000001, 0.3250000000000001, 0.33750000000000013, 0.35000000000000014, 0.36250000000000016, 0.37500000000000017, 0.3875000000000002, 0.4000000000000002, 0.4125000000000002, 0.4250000000000002, 0.4375000000000002, 0.45000000000000023, 0.46250000000000024, 0.47500000000000026, 0.48750000000000027, 0.5000000000000002]","[48, 64, 64, 64, 64, 64, 64, 64, 64, 64, 64, 64, 64, 64, 64, 64, 64, 64, 64, 64, 64, 64, 64, 64, 64, 64, 64, 64, 64, 64, 64, 64, 64, 64, 64, 64, 64, 64, 64, 64]","[17.328679513998633, 17.33415799823844, 17.35131966968763, 17.380397533599027, 17.421483327770392, 17.47465663037306, 17.539983674085683, 17.61751609051538, 17.707289642458296, 17.80932300037953, 17.92361660790743, 18.050151652697373, 18.188889228001763, 18.339769718529706, 18.502712426499077, 18.677615438824905, 18.864355717113604, 19.062789425281366, 19.27275251865077, 19.494061557418938, 19.72651472775622, 19.969893058137203, 20.22396182984292, 20.488472140201342, 20.76316251579255, 21.047760715308304, 21.341985741531943, 21.645549714273724, 21.95815949062718, 22.279518311619597, 22.60932755140777, 22.947288960456994, 23.29310767231988, 23.646495494246526, 24.007171914688854, 24.374862850618868, 24.74929985123114, 25.130219641602228, 25.517364287729936, 25.910481357514737, 26.30932431047384]",26.509292991426086,1,64,1,0.00625
Triangular,5,5,0.5,periodic,periodic,finite,"[0.0, 0.0125, 0.025, 0.037500000000000006, 0.05, 0.0625, 0.075, 0.0875, 0.09999999999999999, 0.11249999999999999, 0.12499999999999999, 0.13749999999999998, 0.15, 0.1625, 0.17500000000000002, 0.18750000000000003, 0.20000000000000004, 0.21250000000000005, 0.22500000000000006, 0.23750000000000007, 0.25000000000000006, 0.26250000000000007, 0.2750000000000001, 0.2875000000000001, 0.3000000000000001, 0.3125000000000001, 0.3250000000000001, 0.33750000000000013, 0.35000000000000014, 0.36250000000000016, 0.37500000000000017, 0.3875000000000002, 0.4000000000000002, 0.4125000000000002, 0.4250000000000002, 0.4375000000000002, 0.45000000000000023, 0.46250000000000024, 0.47500000000000026, 0.48750000000000027, 0.5000000000000002]","[48, 200, 200, 200, 200, 200, 200, 200, 200, 200, 200, 200, 200, 200, 200, 200, 200, 200, 200, 200, 200, 200, 200, 200, 200, 200, 200, 200, 200, 200, 200, 200, 200, 200, 200, 200, 200, 200, 200, 200]","[17.328679513998633, 17.33415799823844, 17.351319701710903, 17.38039777489324, 17.42148433892192, 17.474660113853226, 17.539993798969217, 17.61754149022961, 17.70734611911582, 17.80943689827967, 17.9238287613323, 18.050521775211028, 18.189500514002685, 18.340733386467342, 18.504171898900946, 18.67974988603276, 18.867382748685117, 19.06696671819482, 19.27837819462367, 19.50147322749798, 19.73608717817378, 19.982034617962068, 20.239109538125142, 20.507085835276953, 20.78571816031109, 21.074743165104, 21.37388114304859, 21.682838002030017, 22.001307479826814, 22.328973538822037, 22.665512728741195, 23.010596524634337, 23.36389373038767, 23.72507285826062, 24.093804371084268, 24.469762694693657, 24.85262797921183, 25.24208762410303, 25.63783757843283, 26.039583421256218, 26.447041222598543]",26.509292991426086,1,200,1,0.00625
Triangular,5,5,0.5,periodic,periodic,finite,"[0.0, 0.0125, 0.025, 0.037500000000000006, 0.05, 0.0625, 0.075, 0.0875, 0.09999999999999999, 0.11249999999999999, 0.12499999999999999, 0.13749999999999998, 0.15, 0.1625, 0.17500000000000002, 0.18750000000000003, 0.20000000000000004, 0.21250000000000005, 0.22500000000000006, 0.23750000000000007, 0.25000000000000006, 0.26250000000000007, 0.2750000000000001, 0.2875000000000001, 0.3000000000000001, 0.3125000000000001, 0.3250000000000001, 0.33750000000000013, 0.35000000000000014, 0.36250000000000016, 0.37500000000000017, 0.3875000000000002, 0.4000000000000002, 0.4125000000000002, 0.4250000000000002, 0.4375000000000002, 0.45000000000000023, 0.46250000000000024, 0.47500000000000026, 0.48750000000000027, 0.5000000000000002]","[4, 4, 4, 4, 4, 4, 4, 4, 4, 4, 4, 4, 4, 4, 4, 4, 4, 4, 4, 4, 4, 4, 4, 4, 4, 4, 4, 4, 4, 4, 4, 4, 4, 4, 4, 4, 4, 4, 4, 4]","[17.328679513998633, 17.333124016878926, 17.346529163490246, 17.368971048575695, 17.400502234388263, 17.441154425684534, 17.490937473420438, 17.549838577277768, 17.617821832963813, 17.69482817946323, 17.78077577197415, 17.87556078406599, 17.979058622310355, 18.091125518020096, 18.211600444601956, 18.340307296334075, 18.477057255849754, 18.62165127360429, 18.773882583068236, 18.933539179891707, 19.100406201086003, 19.274268150453093, 19.454910928080132, 19.642123633770606, 19.83570012599882, 20.035440328724082, 20.241151287752924, 20.45264798605552, 20.669753933450323, 20.892301550425245, 21.12013236870902, 21.353097072740766, 21.591055406629195, 21.833875970763597, 22.081435931138486, 22.333620662857676, 22.590323347337744, 22.851444540555114, 23.11689172736755, 23.386578874565647, 23.66042599293197]",27.121347591214985,2,4,2,0.00625
Triangular,5,5,0.5,periodic,periodic,finite,"[0.0, 0.0125, 0.025, 0.037500000000000006, 0.05, 0.0625, 0.075, 0.0875, 0.09999999999999999, 0.11249999999999999, 0.12499999999999999, 0.13749999999999998, 0.15, 0.1625, 0.17500000000000002, 0.18750000000000003, 0.20000000000000004, 0.21250000000000005, 0.22500000000000006, 0.23750000000000007, 0.25000000000000006, 0.26250000000000007, 0.2750000000000001, 0.2875000000000001, 0.3000000000000001, 0.3125000000000001, 0.3250000000000001, 0.33750000000000013, 0.35000000000000014, 0.36250000000000016, 0.37500000000000017, 0.3875000000000002, 0.4000000000000002, 0.4125000000000002, 0.4250000000000002, 0.4375000000000002, 0.45000000000000023, 0.46250000000000024, 0.47500000000000026, 0.48750000000000027, 0.5000000000000002]","[16, 16, 16, 16, 16, 16, 16, 16, 16, 16, 16, 16, 16, 16, 16, 16, 16, 16, 16, 16, 16, 16, 16, 16, 16, 16, 16, 16, 16, 16, 16, 16, 16, 16, 16, 16, 16, 16, 16, 16]","[17.328679513998633, 17.334029724859338, 17.350596734590464, 17.378894429087936, 17.4190810971222, 17.471193577953567, 17.53524220267307, 17.611212908838294, 17.699069423570478, 17.798755801419986, 17.910199124285896, 18.033312176306453, 18.167995930851742, 18.314141744606577, 18.47163328981721, 18.640348200410436, 18.820158667281405, 19.010931228044377, 19.212526613142177, 19.424799393434522, 19.6475974035325, 19.88076108710193, 20.1241228976367, 20.377506866019186, 20.64072842179635, 20.91359452708772, 21.195904152253885, 21.48744909429111, 21.78801511649936, 22.097383375234838, 22.415332097662343, 22.74163847440647, 23.07608069955208, 23.418439967328215, 23.768502017558635, 24.126057733027558, 24.49090254043328, 24.862834505086862, 25.241651132672782, 25.627146564483823, 26.01911132746638]",27.121347591214985,2,16,2,0.00625
Triangular,5,5,0.5,periodic,periodic,finite,"[0.0, 0.0125, 0.025, 0.037500000000000006, 0.05, 0.0625, 0.075, 0.0875, 0.09999999999999999, 0.11249999999999999, 0.12499999999999999, 0.13749999999999998, 0.15, 0.1625, 0.17500000000000002, 0.18750000000000003, 0.20000000000000004, 0.21250000000000005, 0.22500000000000006, 0.23750000000000007, 0.25000000000000006, 0.26250000000000007, 0.2750000000000001, 0.2875000000000001, 0.3000000000000001, 0.3125000000000001, 0.3250000000000001, 0.33750000000000013, 0.35000000000000014, 0.36250000000000016, 0.37500000000000017, 0.3875000000000002, 0.4000000000000002, 0.4125000000000002, 0.4250000000000002, 0.4375000000000002, 0.45000000000000023, 0.46250000000000024, 0.47500000000000026, 0.48750000000000027, 0.5000000000000002]","[51, 64, 64, 64, 64, 64, 64, 64, 64, 64, 64, 64, 64, 64, 64, 64, 64, 64, 64, 64, 64, 64, 64, 64, 64, 64, 64, 64, 64, 64, 64, 64, 64, 64, 64, 64, 64, 64, 64, 64]","[17.328679513998633, 17.33410030927546, 17.35118763186907, 17.380213827255297, 17.421305229291427, 17.474590087443044, 17.540196901081973, 17.618252303409932, 17.708878571684114, 17.812190843646462, 17.92829407706174, 18.057279835934015, 18.199222992366206, 18.354178441420288, 18.522177932004393, 18.703227120866533, 18.897302981267174, 19.104351713701845, 19.324287018694307, 19.556988965181894, 19.802303606735645, 20.06004331226395, 20.32998801580917, 20.611888638234888, 20.905471597729836, 21.210438520538432, 21.526467671318258, 21.853219142454503, 22.190340107195148, 22.537467059792046, 22.894228468568706, 23.260248521099534, 23.635150630582743, 24.01855983072949, 24.410104046461278, 24.80941498645559, 25.21612943347055, 25.629890989349832, 26.050351593168585, 26.47717241996856, 26.91002450002746]",27.121347591214985,2,64,2,0.00625
Triangular,5,5,0.5,periodic,periodic,finite,"[0.0, 0.0125, 0.025, 0.037500000000000006, 0.05, 0.0625, 0.075, 0.0875, 0.09999999999999999, 0.11249999999999999, 0.12499999999999999, 0.13749999999999998, 0.15, 0.1625, 0.17500000000000002, 0.18750000000000003, 0.20000000000000004, 0.21250000000000005, 0.22500000000000006, 0.23750000000000007, 0.25000000000000006, 0.26250000000000007, 0.2750000000000001, 0.2875000000000001, 0.3000000000000001, 0.3125000000000001, 0.3250000000000001, 0.33750000000000013, 0.35000000000000014, 0.36250000000000016, 0.37500000000000017, 0.3875000000000002, 0.4000000000000002, 0.4125000000000002, 0.4250000000000002, 0.4375000000000002, 0.45000000000000023, 0.46250000000000024, 0.47500000000000026, 0.48750000000000027, 0.5000000000000002]","[51, 200, 200, 200, 200, 200, 200, 200, 200, 200, 200, 200, 200, 200, 200, 200, 200, 200, 200, 200, 200, 200, 200, 200, 200, 200, 200, 200, 200, 200, 200, 200, 200, 200, 200, 200, 200, 200, 200, 200]","[17.328679513998633, 17.33410030927546, 17.351187636523882, 17.38021392686482, 17.421305947427133, 17.474593211522183, 17.540206909406205, 17.6182785688806, 17.708938418496917, 17.812313427280433, 17.928524988925577, 18.057686278820345, 18.199899291298188, 18.355251538697452, 18.523812496058216, 18.70562988653138, 18.900725918378924, 19.109093602996158, 19.330693324856206, 19.565449845719705, 19.813249923901708, 20.073940719200678, 20.3473291414264, 20.63318227777584, 20.93122884812154, 21.241161575938058, 21.562640486776697, 21.89529702679497, 22.238738612831103, 22.592553496742923, 22.956315851276667, 23.329590792226483, 23.711939139424512, 24.10292178446866, 24.502103601859538, 24.90905686308164, 25.323364106259955, 25.744620451547327, 26.172435389397105, 26.606434087178044, 27.046258269095855]",27.121347591214985,2,200,2,0.00625
